,Date,Open,High,Low,close,MA_5,MA_20,MA_60,MA_120
0,2019-01-02,9725.27,9737.68,9542.52,9554.14,0.0,0.0,0.0,0.0
1,2019-01-03,9494.25,9554.53,9474.47,9492.42,0.0,0.0,0.0,0.0
2,2019-01-04,9427.24,9427.24,9319.28,9382.51,0.0,0.0,0.0,0.0
3,2019-01-07,9460.2,9596.35,9460.2,9590.3,0.0,0.0,0.0,0.0
4,2019-01-08,9591.56,9600.94,9547.63,9563.6,9516.594000000001,0.0,0.0,0.0
5,2019-01-09,9584.63,9741.64,9584.63,9738.31,9553.428,0.0,0.0,0.0
6,2019-01-10,9731.11,9731.11,9683.2,9720.69,9599.082,0.0,0.0,0.0
7,2019-01-11,9753.63,9796.98,9736.0,9759.4,9674.460000000001,0.0,0.0,0.0
8,2019-01-14,9737.67,9762.37,9677.49,9708.22,9698.043999999998,0.0,0.0,0.0
9,2019-01-15,9701.93,9806.04,9701.93,9806.04,9746.532,0.0,0.0,0.0
10,2019-01-16,9781.35,9803.99,9763.81,9763.81,9751.632000000001,0.0,0.0,0.0
11,2019-01-17,9773.31,9826.25,9759.51,9789.15,9765.323999999999,0.0,0.0,0.0
12,2019-01-18,9781.39,9842.8,9771.15,9836.06,9780.655999999999,0.0,0.0,0.0
13,2019-01-21,9870.27,9919.94,9870.27,9889.4,9816.892,0.0,0.0,0.0
14,2019-01-22,9880.54,9894.66,9855.47,9894.66,9834.616,0.0,0.0,0.0
15,2019-01-23,9869.54,9873.39,9828.03,9846.4,9851.134,0.0,0.0,0.0
16,2019-01-24,9865.0,9892.82,9847.32,9877.12,9868.728,0.0,0.0,0.0
17,2019-01-25,9923.39,9980.08,9918.21,9969.61,9895.438,0.0,0.0,0.0
18,2019-01-28,10006.46,10020.6,9990.07,10013.33,9920.224,0.0,0.0,0.0
19,2019-01-29,9944.71,9952.34,9893.96,9931.59,9927.61,9756.338,0.0,0.0
20,2019-01-30,9915.97,9959.03,9909.81,9932.26,9944.782000000001,9775.243999999999,0.0,0.0
21,2019-02-11,10029.84,10065.52,9988.83,10004.25,9970.208,9800.8355,0.0,0.0
22,2019-02-12,10032.08,10100.23,10032.08,10097.74,9995.833999999999,9836.597,0.0,0.0
23,2019-02-13,10123.61,10140.98,10074.34,10090.58,10011.284,9861.611,0.0,0.0
24,2019-02-14,10095.99,10135.62,10082.0,10089.01,10042.768,9887.8815,0.0,0.0
25,2019-02-15,10111.18,10135.16,10055.5,10064.78,10069.272,9904.205,0.0,0.0
26,2019-02-18,10096.94,10165.77,10096.94,10145.28,10097.478,9925.4345,0.0,0.0
27,2019-02-19,10152.11,10173.47,10143.15,10152.26,10108.382,9945.077500000001,0.0,0.0
28,2019-02-20,10181.94,10272.46,10181.94,10272.46,10144.758,9973.2895,0.0,0.0
29,2019-02-21,10282.32,10319.53,10256.53,10319.53,10190.862,9998.964,0.0,0.0
30,2019-02-22,10309.02,10322.92,10269.95,10322.92,10242.490000000002,10026.9195,0.0,0.0
31,2019-02-25,10343.45,10390.93,10343.45,10390.93,10291.619999999999,10057.0085,0.0,0.0
32,2019-02-26,10403.03,10416.91,10368.86,10391.55,10339.478,10084.783,0.0,0.0
33,2019-02-27,10385.81,10403.05,10343.56,10389.17,10362.820000000002,10109.7715,0.0,0.0
34,2019-03-04,10385.25,10402.39,10313.18,10349.88,10368.890000000001,10132.5325,0.0,0.0
35,2019-03-05,10323.25,10334.34,10295.44,10305.26,10365.357999999998,10155.4755,0.0,0.0
36,2019-03-06,10328.18,10359.12,10327.9,10357.15,10358.601999999999,10179.476999999999,0.0,0.0
37,2019-03-07,10359.47,10367.98,10299.46,10311.68,10342.628,10196.5805,0.0,0.0
38,2019-03-08,10274.28,10274.28,10204.21,10241.75,10313.144,10208.001500000002,0.0,0.0
39,2019-03-11,10224.27,10269.3,10214.02,10250.28,10293.223999999998,10223.936,0.0,0.0
40,2019-03-12,10294.37,10382.12,10294.37,10343.33,10300.838,10244.4895,0.0,0.0
41,2019-03-13,10331.27,10373.32,10331.27,10373.32,10304.072,10262.943000000001,0.0,0.0
42,2019-03-14,10391.3,10407.27,10339.64,10348.65,10311.466,10275.4885,0.0,0.0
43,2019-03-15,10374.66,10439.24,10370.0,10439.24,10350.964,10292.9215,0.0,0.0
44,2019-03-18,10455.19,10512.7,10445.74,10512.7,10403.448,10314.106,0.0,0.0
45,2019-03-19,10497.4,10525.6,10484.69,10512.32,10437.246000000001,10336.483,0.0,0.0
46,2019-03-20,10529.3,10556.81,10506.96,10551.56,10472.894,10356.797,0.0,0.0
47,2019-03-21,10563.93,10612.34,10551.67,10609.55,10525.073999999999,10379.661499999998,0.0,0.0
48,2019-03-22,10642.57,10667.94,10589.47,10639.07,10565.039999999999,10397.992,0.0,0.0
49,2019-03-25,10535.12,10535.12,10458.79,10479.48,10558.395999999999,10405.9895,0.0,0.0
50,2019-03-26,10506.68,10559.2,10506.68,10559.2,10567.772,10417.8035,0.0,0.0
51,2019-03-27,10542.68,10556.75,10515.86,10542.7,10566.0,10425.392,0.0,0.0
52,2019-03-28,10529.02,10536.26,10499.29,10536.26,10551.342,10432.627499999999,0.0,0.0
53,2019-03-29,10551.99,10641.04,10525.27,10641.04,10551.736,10445.221,0.0,0.0
54,2019-04-01,10714.68,10735.07,10627.01,10642.63,10584.366,10459.8585,0.0,0.0
55,2019-04-02,10695.47,10728.38,10685.1,10690.3,10610.586000000001,10479.110499999999,0.0,0.0
56,2019-04-03,10725.17,10741.56,10690.23,10704.38,10642.922,10496.472,0.0,0.0
57,2019-04-08,10759.96,10807.05,10759.96,10800.57,10695.784,10520.9165,0.0,0.0
58,2019-04-09,10805.39,10851.6,10793.77,10851.6,10737.895999999999,10551.409,0.0,0.0
59,2019-04-10,10839.93,10875.65,10815.61,10868.14,10782.998,10582.302,10187.525333333333,0.0
60,2019-04-11,10869.24,10887.12,10797.76,10808.77,10806.692000000001,10605.574,10208.435833333333,0.0
61,2019-04-12,10820.94,10836.44,10782.02,10805.3,10826.876,10627.172999999999,10230.317166666666,0.0
62,2019-04-15,10849.84,10897.21,10849.55,10875.6,10841.882,10653.5205,10255.202,0.0
63,2019-04-16,10905.63,10927.85,10876.34,10927.85,10857.132000000001,10677.951000000001,10277.4945,0.0
64,2019-04-17,10961.61,11016.92,10961.61,10997.26,10882.956,10702.179,10301.388833333334,0.0
65,2019-04-18,11038.24,11077.99,10926.85,10962.02,10913.606,10724.664,10321.783999999998,0.0
66,2019-04-19,11017.69,11045.08,10950.43,10968.5,10946.246000000001,10745.511,10342.580833333333,0.0
67,2019-04-22,10994.52,11027.49,10974.82,10987.71,10968.668000000001,10764.419,10363.052666666666,0.0
68,2019-04-23,10994.28,11025.68,10949.3,11025.68,10988.234,10783.7495,10385.010333333334,0.0
69,2019-04-24,11054.02,11070.85,10995.83,11027.64,10994.310000000001,10811.157500000001,10405.370333333332,0.0
70,2019-04-25,11017.73,11046.77,11006.68,11039.86,11009.878,10835.1905,10426.637833333334,0.0
71,2019-04-26,10986.53,10986.53,10906.44,10952.47,11006.672,10855.679,10446.026500000002,0.0
72,2019-04-29,10952.91,10992.55,10905.78,10939.06,10996.942,10875.819,10464.409833333333,0.0
73,2019-04-30,10945.94,10978.1,10910.78,10967.73,10985.351999999999,10892.1535,10482.382,0.0
74,2019-05-02,10992.76,11046.64,10988.7,11004.49,10980.722,10910.2465,10500.879166666668,0.0
75,2019-05-03,11037.99,11097.0,11018.86,11096.3,10992.009999999998,10930.5465,10521.710833333334,0.0
76,2019-05-06,11005.36,11005.36,10870.4,10897.12,10980.94,10940.183500000001,10538.710833333334,0.0
77,2019-05-07,10913.95,11004.76,10913.95,10987.14,10990.556,10949.511999999999,10555.669666666667,0.0
78,2019-05-08,10938.47,10946.82,10867.06,10923.71,10981.752,10953.117499999998,10570.842666666666,0.0
79,2019-05-09,10910.47,10910.47,10732.97,10733.67,10927.588,10946.394,10584.210666666668,0.0
80,2019-05-10,10751.55,10834.69,10669.39,10712.99,10850.926,10941.605,10597.222833333333,0.0
81,2019-05-13,10684.04,10693.44,10549.06,10558.29,10783.16,10929.2545,10606.456833333334,0.0
82,2019-05-14,10480.21,10544.97,10363.02,10519.25,10689.581999999999,10911.437,10613.482,0.0
83,2019-05-15,10535.24,10612.5,10535.24,10560.71,10616.982,10893.079999999998,10621.317500000001,0.0
84,2019-05-16,10556.58,10573.93,10474.61,10474.61,10565.17,10866.9475,10627.744166666667,0.0
85,2019-05-17,10508.56,10564.97,10384.11,10384.11,10499.394,10838.052,10633.066333333332,0.0
86,2019-05-20,10405.36,10465.84,10385.18,10398.41,10467.418000000001,10809.547499999999,10637.285166666667,0.0
87,2019-05-21,10362.35,10477.2,10342.32,10464.5,10456.468,10783.386999999999,10642.489166666666,0.0
88,2019-05-22,10481.1,10520.62,10453.5,10457.22,10435.77,10754.964,10645.5685,0.0
89,2019-05-23,10404.0,10404.0,10289.69,10308.37,10402.522,10719.000499999998,10645.3825,0.0
90,2019-05-24,10313.15,10370.97,10308.59,10328.28,10391.356,10683.4215,10645.471833333335,0.0
91,2019-05-27,10344.18,10365.44,10305.28,10334.13,10378.5,10652.5045,10644.525166666666,0.0
92,2019-05-28,10348.58,10361.61,10312.31,10312.31,10348.062,10621.167,10643.204499999998,0.0
93,2019-05-29,10277.35,10307.75,10227.44,10301.78,10316.973999999998,10587.869499999999,10641.748,0.0
94,2019-05-30,10307.12,10384.36,10306.03,10382.99,10331.898000000001,10556.7945,10642.299833333333,0.0
95,2019-05-31,10386.12,10515.1,10369.02,10498.49,10365.94,10526.904,10645.520333333332,0.0
96,2019-06-03,10482.45,10511.2,10383.51,10500.07,10399.128,10507.0515,10647.902333333333,0.0
97,2019-06-04,10499.51,10518.33,10421.81,10429.12,10422.49,10479.1505,10649.859666666667,0.0
98,2019-06-05,10497.5,10541.29,10446.51,10461.62,10454.458,10456.046,10653.524166666668,0.0
99,2019-06-06,10409.9,10429.33,10371.08,10409.2,10459.7,10439.8225,10656.172833333334,0.0
100,2019-06-10,10486.23,10566.47,10466.24,10566.47,10473.295999999998,10432.496500000001,10659.891833333331,0.0
101,2019-06-11,10567.54,10637.9,10548.06,10607.76,10494.833999999999,10434.97,10663.799166666666,0.0
102,2019-06-12,10605.75,10630.69,10566.37,10615.66,10532.142000000002,10439.7905,10668.249333333333,0.0
103,2019-06-13,10582.19,10617.06,10539.49,10561.01,10552.02,10439.8055,10670.278833333334,0.0
104,2019-06-14,10546.42,10568.92,10517.82,10524.67,10575.114,10442.3085,10670.478333333334,0.0
105,2019-06-17,10488.7,10562.97,10474.19,10530.54,10567.928000000002,10449.630000000001,10670.782,0.0
106,2019-06-18,10547.15,10573.77,10521.7,10566.74,10559.724,10458.0465,10671.035,0.0
107,2019-06-19,10650.48,10778.64,10650.48,10775.34,10591.66,10473.588500000002,10673.798166666667,0.0
108,2019-06-20,10749.41,10799.14,10745.25,10785.01,10636.460000000001,10489.978,10676.230500000001,0.0
109,2019-06-21,10817.71,10840.29,10773.47,10803.77,10692.28,10514.748000000001,10681.635333333334,0.0
110,2019-06-24,10734.25,10786.33,10695.49,10779.45,10742.062,10537.3065,10685.306166666667,0.0
111,2019-06-25,10777.18,10787.62,10693.04,10706.72,10770.058,10555.936,10688.039833333334,0.0
112,2019-06-26,10661.39,10690.98,10645.37,10652.55,10745.5,10572.948,10689.978000000001,0.0
113,2019-06-27,10674.2,10800.29,10674.2,10773.9,10743.278,10596.554,10692.192333333332,0.0
114,2019-06-28,10786.66,10788.08,10719.08,10730.83,10728.689999999999,10613.946,10693.662333333334,0.0
115,2019-07-01,10821.3,10914.85,10821.3,10895.46,10751.892,10633.7945,10697.081666666667,0.0
116,2019-07-02,10878.01,10888.21,10843.64,10865.12,10783.572,10652.047,10699.760666666667,0.0
117,2019-07-03,10793.1,10812.65,10720.66,10743.77,10801.815999999999,10667.7795,10698.814,0.0
118,2019-07-04,10755.87,10791.28,10750.9,10775.9,10802.216,10683.4935,10697.552333333333,0.0
119,2019-07-05,10785.85,10812.38,10756.67,10785.73,10813.196,10702.32,10696.178833333333,10441.852083333333
120,2019-07-08,10742.81,10781.11,10708.92,10751.22,10784.348,10711.557499999999,10695.219666666666,10451.82775
121,2019-07-09,10729.83,10733.57,10680.85,10702.78,10751.88,10716.308500000001,10693.511,10461.914083333333
122,2019-07-10,10723.23,10810.16,10723.23,10798.48,10762.822,10725.449499999999,10692.225666666667,10473.713833333333
123,2019-07-11,10817.6,10856.51,10799.65,10843.42,10776.326,10739.57,10690.8185,10484.1565
124,2019-07-12,10855.16,10867.59,10823.89,10824.35,10784.05,10754.554,10687.936666666666,10494.66275
125,2019-07-15,10819.92,10880.56,10769.57,10876.43,10809.092,10771.8485,10686.510166666669,10504.147083333333
126,2019-07-16,10865.0,10899.84,10865.0,10886.05,10845.746000000001,10787.813999999998,10685.136,10513.858416666666
127,2019-07-17,10861.11,10861.11,10804.34,10828.48,10851.746,10790.471,10682.482166666665,10522.767416666666
128,2019-07-18,10821.92,10835.43,10792.27,10799.28,10842.918000000001,10791.1845,10678.708833333334,10531.859583333333
129,2019-07-19,10861.99,10919.96,10861.99,10873.19,10852.686000000002,10794.655499999999,10676.134666666669,10540.7525
130,2019-07-22,10910.5,10949.76,10909.15,10944.53,10866.306,10802.9095,10674.545833333334,10550.591833333334
131,2019-07-23,10963.86,10994.44,10932.53,10947.26,10878.548,10814.9365,10674.458999999999,10560.24275
132,2019-07-24,10969.74,10976.46,10912.92,10935.76,10900.004,10829.097,10674.404,10569.406916666667
133,2019-07-25,10892.25,10945.92,10879.4,10941.41,10928.43,10837.4725,10673.965333333334,10578.173666666666
134,2019-07-26,10898.25,10907.44,10879.24,10891.98,10932.188,10845.53,10672.090166666667,10586.484666666667
135,2019-07-29,10872.63,10905.74,10863.33,10885.73,10920.428,10845.043500000002,10668.580666666667,10595.14575
136,2019-07-30,10909.98,10927.16,10827.74,10830.9,10897.155999999999,10843.3325,10667.477,10603.093916666667
137,2019-07-31,10824.15,10835.8,10754.07,10823.81,10874.766,10847.3345,10664.754833333332,10610.21225
138,2019-08-01,10773.06,10773.25,10714.73,10731.75,10832.833999999999,10845.127,10661.555499999999,10616.199083333335
139,2019-08-02,10641.28,10641.28,10524.68,10549.04,10764.246000000001,10833.2925,10658.478333333333,10621.344500000001
140,2019-08-05,10528.87,10542.49,10418.25,10423.41,10671.782,10816.902,10653.652,10625.437416666666
141,2019-08-06,10304.88,10425.6,10180.04,10394.75,10584.552,10801.5005,10650.926333333333,10628.691583333333
142,2019-08-07,10422.89,10461.37,10366.54,10386.18,10497.026,10780.8855,10648.708499999999,10631.09525
143,2019-08-08,10383.62,10500.77,10383.62,10494.49,10449.573999999999,10763.439,10647.604833333335,10634.461166666666
144,2019-08-12,10491.79,10514.05,10440.77,10472.36,10434.238000000001,10745.8395,10647.567333333334,10637.65575
145,2019-08-13,10436.62,10436.62,10361.89,10362.66,10422.088,10720.151000000002,10647.209833333332,10640.138083333333
146,2019-08-14,10444.5,10518.02,10427.73,10427.73,10428.684,10697.235,10647.6985,10642.491833333333
147,2019-08-15,10374.75,10374.75,10287.76,10327.13,10416.874,10672.1675,10645.408999999998,10643.949083333335
148,2019-08-16,10345.42,10456.32,10318.37,10420.89,10402.154,10653.248,10644.8035,10645.186
149,2019-08-19,10449.39,10516.05,10449.39,10488.75,10405.432,10634.026,10647.809833333333,10646.596166666666
150,2019-08-20,10508.42,10538.12,10497.13,10522.5,10437.4,10612.9245,10651.046833333332,10648.259333333332
151,2019-08-21,10526.87,10545.25,10504.49,10525.8,10457.014,10591.8515,10654.241333333333,10649.38325
152,2019-08-22,10560.01,10596.41,10515.72,10529.78,10497.544,10571.5525,10657.865833333335,10650.535166666667
153,2019-08-23,10526.15,10541.73,10503.07,10538.11,10520.988000000001,10551.3875,10661.804666666667,10651.776333333333
154,2019-08-26,10453.4,10453.4,10340.15,10354.57,10494.151999999998,10524.517,10661.331,10651.815416666666
155,2019-08-27,10386.21,10431.78,10368.96,10387.23,10467.098,10499.592,10659.476666666666,10652.498499999998
156,2019-08-28,10397.6,10456.3,10397.6,10434.29,10448.796,10479.761499999999,10658.380333333333,10653.141333333333
157,2019-08-29,10440.15,10466.99,10406.49,10462.43,10435.326,10461.692500000001,10658.9355,10654.397583333333
158,2019-08-30,10504.28,10618.05,10504.28,10618.05,10451.314000000002,10456.0075,10661.542666666666,10657.533416666667
159,2019-09-02,10613.19,10634.85,10589.42,10634.85,10507.369999999999,10460.297999999999,10665.3035,10660.738166666668
160,2019-09-03,10629.22,10650.15,10557.03,10558.21,10541.566,10467.037999999999,10665.165833333334,10662.528833333334
161,2019-09-04,10566.32,10670.43,10566.32,10657.31,10586.17,10480.166,10665.991666666667,10664.895416666668
162,2019-09-05,10718.4,10766.6,10714.27,10756.93,10645.07,10498.7035,10668.346166666666,10668.29775
163,2019-09-06,10783.46,10803.07,10753.45,10780.64,10677.588,10513.011,10672.006666666666,10671.142749999999
164,2019-09-09,10808.68,10829.44,10778.15,10801.14,10710.846,10529.45,10676.6145,10673.546416666668
165,2019-09-10,10791.95,10810.03,10732.78,10753.58,10749.92,10548.996000000001,10680.331833333334,10675.556916666665
166,2019-09-11,10787.65,10815.59,10746.87,10790.35,10776.528,10567.127,10684.058666666668,10677.546833333332
167,2019-09-12,10830.25,10862.68,10804.02,10827.55,10790.651999999998,10592.148,10684.928833333333,10679.363500000001
168,2019-09-16,10822.69,10898.13,10822.69,10898.13,10814.15,10616.01,10686.814166666667,10681.522333333332
169,2019-09-17,10908.85,10912.23,10866.43,10874.5,10828.822,10635.2975,10687.993,10684.814166666667
170,2019-09-18,10887.42,10971.54,10878.34,10929.45,10863.996,10655.645,10690.492999999999,10687.899583333336
171,2019-09-19,10947.62,10954.18,10874.66,10894.7,10884.866,10674.09,10693.626,10690.832916666666
172,2019-09-20,10908.1,10931.76,10903.45,10929.69,10905.294,10694.0855,10698.244999999999,10694.111499999999
173,2019-09-23,10924.81,10948.19,10905.92,10919.02,10909.472,10713.131,10700.663666666667,10696.428000000002
174,2019-09-24,10917.44,10947.53,10886.62,10918.01,10918.174,10741.303,10703.783333333333,10698.722833333333
175,2019-09-25,10885.67,10885.67,10825.85,10873.69,10907.022,10765.626,10703.4205,10700.251083333333
176,2019-09-26,10909.57,10934.91,10856.96,10871.99,10902.48,10787.510999999999,10703.535,10701.647833333333
177,2019-09-27,10904.0,10921.17,10827.61,10829.68,10882.478000000001,10805.8735,10704.966833333334,10701.890416666665
178,2019-10-01,10855.6,10967.65,10855.6,10967.65,10892.204000000002,10823.353500000001,10708.162666666667,10702.857500000002
179,2019-10-02,10945.92,10965.2,10927.39,10947.88,10898.178,10839.005000000001,10710.865166666666,10703.521999999999
180,2019-10-03,10866.5,10888.4,10809.28,10875.91,10898.622,10854.890000000001,10712.943333333333,10704.0815
181,2019-10-04,10907.69,10941.49,10854.12,10894.48,10903.119999999999,10866.7485,10716.138333333334,10704.824666666666
182,2019-10-07,10932.24,10954.45,10919.43,10935.06,10924.196,10875.654999999999,10718.414666666667,10705.320166666668
183,2019-10-08,10986.01,11020.51,10986.01,11017.31,10934.128,10887.4885,10721.312833333333,10706.065666666665
184,2019-10-09,10976.93,10989.39,10889.96,10889.96,10922.543999999998,10891.929500000002,10722.406333333334,10705.171499999999
185,2019-10-14,11004.74,11085.49,11004.74,11066.95,10960.752,10907.598,10725.581666666665,10706.045916666666
186,2019-10-15,11103.5,11126.45,11091.29,11111.8,11004.215999999999,10923.6705,10729.344166666668,10707.240083333332
187,2019-10-16,11166.17,11180.11,11113.18,11162.83,11049.77,10940.4345,10734.916666666666,10708.699416666666
188,2019-10-17,11156.14,11186.88,11131.45,11186.88,11083.684,10954.872,10741.376666666667,10710.04275
189,2019-10-18,11190.21,11237.38,11154.86,11180.22,11141.736,10970.158,10746.493833333332,10711.31425
190,2019-10-21,11166.24,11188.13,11147.86,11184.15,11165.176,10982.893,10750.4875,10712.516666666666
191,2019-10-22,11221.19,11271.25,11218.25,11271.25,11197.066,11001.7205,10755.887333333334,10715.173166666667
192,2019-10-23,11266.18,11281.12,11209.1,11239.67,11212.434,11017.219500000001,10760.952500000001,10717.678249999999
193,2019-10-24,11266.84,11320.14,11254.59,11320.14,11239.086,11037.2755,10767.264666666666,10720.615
194,2019-10-25,11336.64,11347.18,11281.37,11296.12,11262.266,11056.181,10774.000333333333,10723.04525
195,2019-10-28,11321.99,11341.03,11295.44,11315.02,11288.439999999999,11078.247500000001,10781.155166666667,10724.867916666666
196,2019-10-29,11347.39,11373.95,11292.83,11333.87,11300.964,11101.3415,10789.538,10728.507500000002
197,2019-10-30,11336.97,11380.28,11306.95,11380.28,11329.086,11128.8715,10798.8125,10731.783666666666
198,2019-10-31,11393.68,11428.42,11358.71,11358.71,11336.8,11148.4245,10809.261833333334,10735.408666666666
199,2019-11-01,11373.7,11399.53,11335.51,11399.53,11357.482,11171.007,10823.436666666668,10740.9575
200,2019-11-04,11451.72,11559.07,11451.72,11556.85,11405.848000000002,11205.054,10842.327333333333,10747.989666666666
201,2019-11-05,11576.18,11644.03,11576.18,11644.03,11467.880000000001,11242.531500000001,10863.148666666666,10757.0375
202,2019-11-06,11645.08,11668.2,11601.7,11653.07,11522.438,11278.432,10884.263500000001,10766.486
203,2019-11-07,11642.91,11647.47,11552.08,11606.56,11572.008,11307.8945,10902.797999999999,10775.201416666669
204,2019-11-08,11620.89,11642.41,11561.31,11579.54,11608.009999999998,11342.3735,10921.250999999998,10784.409166666668
205,2019-11-11,11570.33,11570.33,11409.83,11427.28,11582.096,11360.390000000001,10938.994666666667,10793.102249999998
206,2019-11-12,11463.33,11520.37,11459.68,11520.37,11557.364,11380.8185,10957.205333333333,10802.451916666667
207,2019-11-13,11483.24,11509.37,11439.09,11467.83,11520.316,11396.0685,10976.217,10810.813
208,2019-11-14,11488.74,11498.25,11424.77,11450.42,11489.088,11409.2455,10993.375833333334,10819.089666666667
209,2019-11-15,11485.46,11552.25,11485.46,11525.6,11478.3,11426.514500000001,11010.656666666668,10829.23325
210,2019-11-18,11543.8,11599.78,11532.97,11599.78,11512.800000000001,11447.296,11028.611333333334,10839.829083333334
211,2019-11-19,11608.48,11656.4,11576.79,11656.4,11540.006,11466.5535,11047.454666666667,10850.848
212,2019-11-20,11645.73,11649.07,11591.73,11631.2,11572.68,11486.130000000001,11065.811666666666,10861.838749999999
213,2019-11-21,11573.84,11573.84,11478.43,11558.27,11594.25,11498.0365,11082.814333333334,10872.3095
214,2019-11-22,11556.75,11577.02,11534.15,11566.8,11602.49,11511.5705,11103.018166666669,10882.174583333333
215,2019-11-25,11590.81,11604.75,11559.33,11561.58,11594.85,11523.8985,11122.590666666667,10891.033666666664
216,2019-11-26,11608.37,11642.96,11576.82,11576.82,11578.934000000001,11536.045999999998,11141.632833333333,10900.006583333334
217,2019-11-27,11590.81,11651.73,11590.81,11647.46,11582.186,11549.405,11161.383333333333,10910.159416666665
218,2019-11-28,11641.7,11654.06,11604.68,11617.08,11593.948,11562.3235,11178.033833333333,10919.788250000001
219,2019-11-29,11616.88,11623.59,11485.16,11489.57,11578.501999999999,11566.8255,11192.279166666667,10928.791333333333
220,2019-12-02,11509.94,11524.85,11454.38,11502.83,11566.751999999999,11564.1245,11208.022833333333,10936.594333333333
221,2019-12-03,11473.32,11531.58,11460.06,11531.58,11557.704,11558.502,11222.594000000001,10944.292833333333
222,2019-12-04,11511.82,11513.83,11457.43,11510.47,11530.306,11551.372,11235.152999999998,10951.749583333332
223,2019-12-05,11546.75,11604.39,11546.75,11594.65,11525.819999999998,11550.7765,11248.719833333333,10960.36325
224,2019-12-06,11639.8,11657.65,11577.83,11609.64,11549.833999999999,11552.2815,11262.194833333333,10969.404666666667
225,2019-12-09,11635.47,11678.36,11631.03,11660.77,11581.422,11563.956,11277.314666666667,10978.82325
226,2019-12-10,11647.78,11649.73,11607.26,11627.84,11600.673999999999,11569.3295,11291.272833333333,10987.665750000002
227,2019-12-11,11635.07,11700.77,11622.58,11700.77,11638.734,11580.9765,11305.8265,10995.377666666667
228,2019-12-12,11766.98,11875.98,11766.98,11836.42,11687.088,11600.2765,11321.464666666667,11004.139416666667
229,2019-12-13,11937.9,11990.78,11913.02,11927.73,11750.706000000002,11620.382999999998,11339.0185,11013.50575
230,2019-12-16,11915.61,11975.73,11915.61,11939.77,11806.506,11637.3825,11355.857166666667,11023.175083333334
231,2019-12-17,11939.62,12097.01,11939.62,12097.01,11900.34,11659.413,11375.895666666667,11034.760833333334
232,2019-12-18,12061.1,12125.9,12059.92,12122.45,11984.676000000001,11683.975499999999,11395.775,11047.01
233,2019-12-19,12082.98,12111.77,12008.16,12018.9,12021.172,11707.007,11414.106333333333,11057.385
234,2019-12-20,12001.56,12028.22,11937.45,11959.08,12027.442,11726.621000000001,11431.457499999999,11067.620416666667
235,2019-12-23,11969.14,12022.23,11960.21,12022.23,12043.934,11749.653499999999,11450.599833333334,11077.010166666667
236,2019-12-24,12023.79,12027.6,11976.38,11976.38,12019.808,11769.6315,11469.006333333333,11086.270666666667
237,2019-12-25,11978.94,12032.37,11973.95,12008.13,11996.944,11787.664999999999,11488.647166666666,11096.806999999999
238,2019-12-26,12018.38,12030.66,11982.64,12001.01,11993.366,11806.8615,11505.869833333332,11107.016249999999
239,2019-12-27,12032.72,12093.02,12032.72,12091.59,12019.867999999999,11836.9625,11524.931666666665,11117.898416666667
240,2019-12-30,12094.81,12114.89,12046.22,12053.37,12026.096000000001,11864.4895,11544.556000000002,11128.749666666667
241,2019-12-31,12019.19,12047.75,11997.14,11997.14,12030.248,11887.767499999998,11562.933666666666,11139.536
242,2020-01-02,12026.5,12110.74,12026.23,12100.48,12048.717999999999,11917.268,11582.357333333335,11150.386
243,2020-01-03,12167.44,12197.64,12023.6,12110.43,12070.601999999999,11943.056999999999,11600.576,11160.944416666667
244,2020-01-06,12035.71,12040.08,11953.36,11953.36,12042.956,11960.243,11618.299333333332,11170.352833333334
245,2020-01-07,11961.97,11986.03,11822.4,11880.32,12008.346,11971.2205,11631.855500000001,11178.718583333333
246,2020-01-08,11818.76,11899.67,11777.45,11817.1,11972.338,11980.6835,11643.6105,11186.477333333334
247,2020-01-09,11889.46,11992.55,11889.46,11970.63,11946.368,11994.1765,11657.073833333334,11195.99525
248,2020-01-10,12009.27,12038.21,11959.06,12024.65,11929.212000000001,12003.588,11671.036666666669,11206.206666666667
249,2020-01-13,12069.61,12113.42,12037.24,12113.42,11961.223999999998,12012.872500000001,11686.59,11216.541916666667
250,2020-01-14,12161.73,12186.62,12140.27,12179.81,12021.122,12024.8745,11703.184333333335,11226.835916666667
251,2020-01-15,12169.92,12169.92,12048.01,12091.88,12076.078,12024.617999999999,11716.8615,11236.374416666666
252,2020-01-16,12006.08,12075.54,12006.08,12066.93,12095.338,12021.842,11730.649166666666,11245.800833333335
253,2020-01-17,12080.72,12117.55,12055.91,12090.29,12108.466,12025.4115,11743.484999999999,11255.374833333333
254,2020-01-20,12107.56,12151.42,12101.55,12118.71,12109.524,12033.393,11757.194833333333,11265.597583333332
255,2020-01-30,11933.23,11933.23,11418.22,11421.74,11957.91,12003.3685,11758.973499999998,11270.064333333334
256,2020-01-31,11494.03,11594.21,11436.95,11495.1,11838.554,11979.3045,11761.660666666667,11275.599333333334
257,2020-02-03,11365.9,11365.9,11138.03,11354.92,11696.151999999998,11946.644,11761.238000000001,11280.02525
258,2020-02-04,11399.46,11581.36,11393.03,11555.92,11589.278,11924.3895,11764.524833333333,11286.893333333333
259,2020-02-05,11601.55,11620.42,11512.71,11573.62,11480.259999999998,11898.491,11767.426333333333,11295.431499999999
260,2020-02-06,11605.11,11749.68,11605.11,11749.68,11545.848,11883.3065,11770.640166666666,11306.483750000001
261,2020-02-07,11712.71,11712.71,11592.09,11612.81,11569.39,11864.09,11770.119833333332,11316.63425
262,2020-02-10,11514.72,11598.03,11423.34,11574.07,11613.220000000001,11837.7695,11768.803166666667,11326.533333333333
263,2020-02-11,11614.25,11678.58,11614.25,11664.04,11634.844000000001,11815.45,11769.761166666667,11336.279583333333
264,2020-02-12,11693.4,11801.52,11693.4,11774.19,11674.958,11806.4915,11773.005333333334,11347.128166666665
265,2020-02-13,11813.5,11854.98,11784.94,11791.78,11683.378,11802.064499999999,11779.080333333333,11359.0375
266,2020-02-14,11806.52,11840.79,11788.87,11815.7,11723.956000000002,11801.9945,11784.0025,11370.603916666667
267,2020-02-17,11770.3,11775.56,11724.82,11763.51,11761.844000000001,11791.638500000001,11788.9305,11382.57375
268,2020-02-18,11700.91,11717.1,11642.95,11648.98,11758.832,11772.855,11792.239833333333,11392.807833333332
269,2020-02-19,11655.37,11783.43,11654.16,11758.84,11755.762,11755.126,11796.127166666667,11403.391916666667
270,2020-02-20,11785.78,11827.83,11714.15,11725.09,11742.423999999999,11732.390000000001,11798.215666666665,11413.4135
271,2020-02-21,11721.16,11755.17,11661.63,11686.35,11716.554,11712.1135,11798.714833333333,11423.08475
272,2020-02-24,11615.28,11615.28,11512.08,11534.87,11670.826,11685.5105,11797.109333333334,11431.4605
273,2020-02-25,11506.74,11567.09,11415.47,11540.23,11649.076000000001,11658.0075,11796.808666666668,11439.811500000002
274,2020-02-26,11468.6,11494.22,11408.06,11433.62,11584.032000000001,11623.753,11794.589,11448.803583333332
275,2020-02-27,11436.96,11470.23,11274.52,11292.17,11497.448,11617.274500000001,11790.098833333332,11456.34475
276,2020-03-02,11184.66,11282.05,11049.85,11170.46,11394.27,11601.0425,11783.326166666668,11462.4795
277,2020-03-03,11279.86,11390.24,11279.86,11327.72,11352.84,11599.682499999999,11777.997166666666,11469.690250000001
278,2020-03-04,11368.25,11392.35,11297.81,11392.35,11323.264,11591.504,11774.251666666667,11476.14275
279,2020-03-05,11454.65,11525.32,11454.65,11514.82,11339.503999999999,11588.564,11774.672500000002,11483.475833333332
280,2020-03-06,11471.36,11471.36,11310.32,11321.81,11345.431999999999,11567.1705,11771.655499999999,11489.839166666667
281,2020-03-09,11221.76,11221.76,10977.64,10977.64,11306.867999999999,11535.412,11762.423166666667,11492.508583333334
282,2020-03-10,10907.62,11032.47,10830.22,11003.54,11242.032,11506.8855,11753.974333333335,11494.563666666665
283,2020-03-11,11022.82,11088.23,10885.91,10893.75,11142.312,11468.371000000001,11742.292666666668,11495.50625
284,2020-03-12,10845.39,10845.39,10359.67,10422.32,10923.812,11400.7775,11722.503999999999,11492.349416666666
285,2020-03-13,10091.03,10171.2,9636.15,10128.87,10685.224,11317.632000000001,11696.972333333333,11487.143500000002
286,2020-03-16,10069.42,10130.8,9717.77,9717.77,10433.25,11212.735499999999,11665.137833333334,11478.205333333335
287,2020-03-17,9538.64,9677.07,9371.35,9439.63,10120.467999999999,11096.5415,11627.452166666666,11466.639333333333
288,2020-03-18,9453.98,9509.61,9218.67,9218.67,9785.452000000001,10975.026000000002,11583.823,11452.643833333334
289,2020-03-19,9085.28,9085.28,8523.63,8681.34,9437.256,10821.151000000002,11529.7165,11434.3675
290,2020-03-20,8816.86,9264.42,8816.86,9234.09,9258.3,10696.600999999999,11484.621833333333,11420.2395
291,2020-03-23,9025.55,9029.52,8750.14,8890.03,9092.752,10556.785,11431.172166666665,11403.533916666665
292,2020-03-24,9083.78,9415.64,9083.78,9285.62,9061.95,10444.322499999998,11383.891666666666,11389.833333333334
293,2020-03-25,9426.43,9722.37,9426.43,9644.75,9147.166000000001,10349.5485,11344.3225,11379.214416666666
294,2020-03-26,9667.14,9739.73,9565.02,9736.36,9358.170000000002,10264.685500000001,11307.277166666667,11369.367333333334
295,2020-03-27,9807.9,9954.86,9691.14,9698.92,9451.136,10185.023,11268.555333333334,11359.577583333334
296,2020-03-30,9571.22,9655.7,9415.52,9629.43,9599.016,10107.9715,11229.4395,11349.222916666668
297,2020-03-31,9689.62,9789.81,9630.3,9708.06,9683.503999999999,10026.988500000001,11191.105000000001,11339.876083333334
298,2020-04-01,9726.2,9736.0,9663.63,9663.63,9687.279999999999,9940.5525,11152.148666666668,11329.00925
299,2020-04-06,9707.75,9818.74,9651.52,9818.74,9703.756,9855.7485,11114.267833333335,11319.59975
300,2020-04-07,9928.16,10039.15,9928.16,9996.39,9763.25,9789.477499999999,11079.984833333332,11312.270416666666
301,2020-04-08,10010.64,10149.76,9984.66,10137.47,9864.857999999998,9747.469000000001,11048.990333333333,11305.962
302,2020-04-09,10173.26,10246.84,10092.36,10119.43,9947.132000000001,9703.2635,11015.972833333333,11299.165083333331
303,2020-04-10,10105.43,10165.12,10103.77,10157.61,10045.928,9666.4565,10983.425833333335,11292.000916666668
304,2020-04-13,10147.56,10179.4,10080.65,10099.22,10102.024,9650.3015,10952.523500000001,11285.411416666668
305,2020-04-14,10130.65,10344.13,10130.65,10332.94,10169.333999999999,9660.505000000001,10926.733833333332,11279.294666666665
306,2020-04-15,10366.77,10461.84,10366.77,10447.21,10231.282,9696.977,10903.902333333333,11273.756416666667
307,2020-04-16,10385.78,10425.29,10317.13,10375.48,10282.491999999998,9743.7695,10877.316499999999,11267.195166666666
308,2020-04-17,10554.55,10710.15,10552.58,10597.04,10370.378,9812.687999999998,10853.523,11262.279833333332
309,2020-04-20,10612.45,10637.64,10542.96,10586.71,10467.876,9907.9565,10828.077833333335,11257.333916666665
310,2020-04-21,10544.8,10544.8,10278.95,10288.42,10458.972,9960.672999999999,10796.554666666667,11249.8695
311,2020-04-22,10256.11,10310.85,10140.09,10307.74,10431.078,10031.5585,10766.819,11241.840250000001
312,2020-04-23,10370.13,10462.7,10294.88,10366.51,10429.284000000001,10085.603,10738.478666666668,11234.563916666668
313,2020-04-24,10367.97,10386.93,10324.2,10347.36,10379.348000000002,10120.7335,10709.429833333334,11226.457416666666
314,2020-04-27,10407.49,10578.96,10407.49,10567.27,10375.46,10162.278999999999,10683.572500000002,11220.383666666667
315,2020-04-28,10580.25,10620.52,10537.71,10616.06,10440.988000000001,10208.136,10670.1445,11214.559000000001
316,2020-04-29,10656.4,10794.83,10656.4,10772.22,10533.884,10265.2755,10658.096499999998,11209.878583333333
317,2020-04-30,10826.26,11012.78,10826.26,10992.14,10659.009999999998,10329.4795,10652.050166666666,11206.644083333334
318,2020-05-04,10781.51,10781.51,10658.5,10720.48,10733.634,10382.322,10638.126166666665,11201.3255
319,2020-05-05,10756.95,10833.53,10735.01,10774.61,10775.102,10430.1155,10624.809333333333,11196.117833333332
320,2020-05-06,10771.09,10828.73,10708.1,10774.98,10806.885999999999,10469.045,10608.564333333336,11189.60225
321,2020-05-07,10778.53,10890.87,10775.16,10842.92,10821.026000000002,10504.317500000001,10595.732833333333,11182.926333333335
322,2020-05-08,10883.22,10970.7,10883.22,10901.42,10802.882000000001,10543.417,10584.522,11176.662583333333
323,2020-05-11,10942.18,11039.11,10942.18,11013.26,10861.438,10586.199499999999,10573.675666666668,11171.718416666667
324,2020-05-12,10974.51,10974.51,10854.51,10879.47,10882.41,10625.212,10558.763666666666,11165.884499999998
325,2020-05-13,10861.01,10938.27,10828.93,10938.27,10915.068000000001,10655.4785,10544.5385,11161.809416666667
326,2020-05-14,10894.17,10894.17,10777.46,10780.88,10902.66,10672.162,10527.2915,11155.646999999999
327,2020-05-15,10833.16,10904.01,10730.55,10814.92,10885.359999999999,10694.134,10511.481666666665,11150.206083333333
328,2020-05-18,10753.21,10812.87,10730.7,10740.55,10830.818,10701.3095,10496.341166666667,11144.290500000001
329,2020-05-19,10812.79,10924.79,10812.79,10860.44,10827.011999999999,10714.996,10481.367833333334,11138.7475
330,2020-05-20,10892.76,10933.98,10860.15,10907.8,10820.918,10745.965,10467.746333333334,11132.981000000002
331,2020-05-21,10933.21,11021.66,10933.21,11008.31,10866.403999999999,10780.9935,10456.445666666667,11127.580249999999
332,2020-05-22,10977.55,10977.55,10804.56,10811.15,10865.65,10803.2255,10444.383666666665,11120.746500000001
333,2020-05-25,10812.94,10874.54,10719.25,10871.18,10891.776,10829.4165,10433.232833333333,11115.02075
334,2020-05-26,10903.32,11046.22,10903.32,10997.21,10919.130000000001,10850.913499999999,10425.959333333332,11110.274166666666
335,2020-05-27,11023.93,11069.72,10972.25,11014.66,10940.501999999999,10870.843499999999,10421.334166666667,11105.716500000002
336,2020-05-28,11040.62,11087.53,10915.3,10944.19,10927.678,10879.442,10417.563,11100.444583333334
337,2020-05-29,10921.16,10965.03,10861.9,10942.16,10953.880000000001,10876.943,10411.136999999999,11094.567083333333
338,2020-06-01,10971.4,11109.29,10971.4,11079.02,10995.448,10894.869999999999,10405.914833333334,11090.08325
339,2020-06-02,11109.27,11170.49,11102.97,11127.93,11021.592,10912.536,10399.466666666667,11087.069583333332
340,2020-06-03,11182.52,11330.52,11182.52,11320.16,11082.692000000001,10939.795,10399.439166666667,11085.547333333334
341,2020-06-04,11373.94,11425.42,11341.58,11393.23,11172.5,10967.3105,10406.365666666668,11084.394416666668
342,2020-06-05,11418.01,11482.36,11411.94,11479.4,11279.948,10996.2095,10414.296666666665,11084.1355
343,2020-06-08,11539.0,11631.89,11528.44,11610.32,11386.208,11026.0625,10426.2395,11084.266083333332
344,2020-06-09,11600.61,11640.45,11537.38,11637.11,11488.044,11063.944500000001,10446.486,11084.494999999999
345,2020-06-10,11635.99,11740.9,11621.02,11720.16,11568.044,11103.039,10473.007500000002,11084.989916666667
346,2020-06-11,11738.49,11771.12,11516.59,11535.77,11596.552,11140.783500000001,10503.307499999999,11084.222666666667
347,2020-06-12,11406.54,11442.3,11244.64,11429.94,11586.66,11171.5345,10536.479333333333,11081.96575
348,2020-06-15,11436.28,11469.84,11299.45,11306.26,11525.848000000002,11199.82,10571.2725,11077.54775
349,2020-06-16,11380.67,11542.25,11380.67,11511.64,11500.754,11232.380000000001,10618.444166666666,11074.080333333333
350,2020-06-17,11525.5,11550.32,11482.32,11534.59,11463.64,11263.7195,10656.785833333333,11070.703833333333
351,2020-06-18,11534.2,11567.42,11485.39,11548.33,11466.152,11290.7205,10701.090833333332,11066.1315
352,2020-06-19,11557.27,11584.88,11542.37,11549.86,11490.136,11327.655999999999,10738.828166666666,11061.359916666666
353,2020-06-22,11553.91,11632.88,11553.91,11572.93,11543.47,11362.7435,10770.9645,11057.643500000002
354,2020-06-23,11618.42,11679.4,11530.85,11612.36,11563.614000000001,11393.501,10802.231166666666,11054.754166666668
355,2020-06-24,11647.86,11701.23,11637.79,11660.67,11588.83,11425.8015,10834.927,11051.741166666667
356,2020-06-29,11608.8,11608.8,11500.65,11542.62,11587.688,11455.723,10866.8135,11048.1265
357,2020-06-30,11563.6,11638.0,11563.6,11621.24,11601.964,11489.677,10898.699833333334,11044.902416666668
358,2020-07-01,11622.64,11736.39,11622.64,11703.42,11628.062,11520.897,10932.696333333333,11042.422499999999
359,2020-07-02,11694.1,11805.21,11690.95,11805.14,11666.617999999999,11554.7575,10965.802999999998,11040.035416666668
360,2020-07-03,11857.9,11933.59,11857.9,11909.16,11716.316,11584.2075,10997.682499999999,11038.833666666667
361,2020-07-06,11941.84,12116.7,11941.84,12116.7,11831.132,11620.381,11030.669666666667,11039.829999999998
362,2020-07-07,12176.79,12249.95,12028.57,12092.97,11925.478,11651.0595,11063.562,11039.767416666666
363,2020-07-08,12086.13,12190.27,12083.84,12170.19,12018.832,11679.053,11097.105,11040.265416666667
364,2020-07-09,12222.9,12273.43,12181.34,12192.69,12096.342,11706.832,11131.996166666668,11042.259833333334
365,2020-07-10,12250.44,12253.58,12030.2,12073.68,12129.246,11724.508,11161.0085,11043.871166666668
366,2020-07-13,12109.61,12216.24,12109.61,12211.56,12148.218,11758.297499999999,11190.414333333332,11047.158333333333
367,2020-07-14,12202.89,12228.31,12143.91,12209.01,12171.426000000001,11797.251,11220.973166666667,11049.144833333334
368,2020-07-15,12233.99,12320.48,12162.52,12202.85,12177.958,11842.0805,11247.736666666666,11050.629833333332
369,2020-07-16,12173.04,12220.93,12107.04,12157.74,12170.968,11874.3855,11273.9205,11050.999166666668
370,2020-07-17,12195.72,12266.93,12144.62,12181.56,12192.544,11906.734,11305.472833333333,11051.01375
371,2020-07-20,12205.25,12221.33,12065.8,12174.54,12185.14,11938.0445,11336.586166666666,11051.702583333334
372,2020-07-21,12242.32,12450.16,12242.32,12397.55,12222.848000000002,11980.429,11370.436833333333,11054.45775
373,2020-07-22,12389.76,12486.95,12389.4,12473.27,12276.931999999999,12025.446,11405.868666666667,11057.64925
374,2020-07-23,12423.02,12429.76,12347.86,12413.04,12327.992,12065.48,11436.631499999998,11060.102
375,2020-07-24,12467.43,12502.84,12266.55,12304.04,12352.488000000001,12097.6485,11464.7645,11067.4545
376,2020-07-27,12618.69,12686.36,12586.91,12588.3,12435.240000000002,12149.9325,11495.032500000001,11076.5645
377,2020-07-28,12951.72,13031.7,12533.19,12586.73,12473.076,12198.206999999999,11521.609,11086.829583333332
378,2020-07-29,12530.74,12660.87,12488.01,12540.97,12486.616,12240.0845,11551.9505,11095.038333333334
379,2020-07-30,12691.86,12769.47,12616.83,12722.92,12548.592,12285.9735,11584.422333333334,11104.615833333335
380,2020-07-31,12653.46,12733.48,12635.71,12664.8,12620.744,12323.7555,11615.919333333331,11112.241833333333
381,2020-08-03,12642.73,12673.02,12506.59,12513.03,12605.689999999999,12343.572,11643.754500000001,11119.743666666669
382,2020-08-04,12577.88,12709.92,12577.88,12709.92,12630.328,12374.4195,11673.896166666667,11129.209083333333
383,2020-08-05,12762.34,12816.39,12739.99,12802.3,12682.594000000001,12406.025,11703.7135,11138.694583333334
384,2020-08-06,12894.24,12971.87,12851.2,12913.5,12720.710000000001,12442.0655,11737.614,11148.188833333335
385,2020-08-07,12901.43,12912.63,12791.18,12828.87,12753.524,12479.825,11769.124,11156.83125
386,2020-08-10,12786.8,12933.16,12786.8,12894.0,12829.717999999999,12513.947,11804.342666666666,11165.817083333333
387,2020-08-11,12856.46,12906.01,12780.19,12780.19,12843.772,12542.506,11837.097166666668,11174.289416666667
388,2020-08-12,12713.63,12730.96,12625.54,12670.35,12817.382000000001,12565.881,11869.2605,11182.800833333335
389,2020-08-13,12758.87,12812.8,12717.13,12763.13,12787.308,12596.1505,11900.972,11191.169916666666
390,2020-08-14,12709.97,12801.31,12679.19,12795.46,12780.626,12626.8455,11932.432999999999,11200.089666666667
391,2020-08-17,12813.94,12956.11,12800.69,12956.11,12793.048,12665.924,11964.896333333332,11210.671
392,2020-08-18,12974.96,12981.58,12840.25,12872.14,12811.438,12689.6535,11999.246166666668,11221.814916666666
393,2020-08-19,12904.84,12950.11,12778.64,12778.64,12833.096,12704.922,12031.037166666667,11232.135
394,2020-08-20,12764.75,12764.75,12144.76,12362.64,12752.998,12702.401999999998,12053.794333333333,11239.876833333336
395,2020-08-21,12462.52,12638.65,12462.52,12607.84,12715.473999999998,12717.592,12080.347333333333,11250.84075
396,2020-08-24,12629.78,12702.94,12567.95,12647.13,12653.678,12720.5335,12108.729666666664,11263.146333333334
397,2020-08-25,12706.4,12814.56,12698.85,12758.25,12630.9,12729.1095,12138.997833333333,11275.067416666667
398,2020-08-26,12768.96,12833.29,12734.69,12833.29,12641.829999999998,12743.7255,12168.235666666667,11287.075249999998
399,2020-08-27,12888.65,12960.68,12786.45,12797.31,12728.764,12747.445,12196.058666666666,11297.762666666667
400,2020-08-28,12759.3,12799.16,12674.57,12728.85,12752.966,12750.647500000001,12219.536833333335,11309.488000000001
401,2020-08-31,12763.44,12831.38,12591.45,12591.45,12741.829999999998,12754.5685,12239.507166666666,11322.936416666666
402,2020-09-01,12617.39,12703.28,12565.83,12703.28,12730.836,12754.236499999999,12259.905166666667,11337.100916666668
403,2020-09-02,12772.43,12802.61,12646.47,12699.5,12704.078,12749.0965,12278.058166666666,11352.148833333335
404,2020-09-03,12774.97,12857.79,12732.32,12757.97,12696.210000000001,12741.32,12296.739166666666,11371.612583333334
405,2020-09-04,12645.92,12655.67,12559.78,12637.95,12678.03,12731.774000000001,12312.035666666665,11392.521583333331
406,2020-09-07,12645.93,12725.05,12575.36,12601.4,12680.02,12717.144,12329.796166666667,11416.551833333333
407,2020-09-08,12637.42,12702.55,12614.72,12663.56,12672.076,12711.3125,12350.3565,11443.417916666665
408,2020-09-09,12592.18,12616.57,12480.5,12608.58,12653.892,12708.224,12372.061833333333,11471.667166666668
409,2020-09-10,12665.74,12708.64,12650.4,12691.75,12640.648000000001,12704.655,12391.730333333333,11505.08725
410,2020-09-11,12697.46,12701.79,12616.68,12675.95,12648.248,12698.6795,12410.753,11533.769416666666
411,2020-09-14,12680.41,12793.07,12680.41,12787.82,12685.532,12690.265,12431.411166666667,11566.250999999998
412,2020-09-15,12787.42,12857.73,12773.23,12845.65,12721.95,12688.9405,12453.007666666668,11595.917916666665
413,2020-09-16,12989.81,13021.68,12948.72,12976.76,12795.586,12698.8465,12476.404833333334,11623.684666666666
414,2020-09-17,12920.15,12972.52,12851.52,12872.74,12831.784,12724.3515,12497.411166666667,11649.821166666665
415,2020-09-18,12858.6,12927.81,12841.09,12875.62,12871.718,12737.7405,12517.660333333333,11676.293666666666
416,2020-09-21,12874.61,12952.31,12795.09,12795.12,12873.178,12745.140000000001,12538.535333333333,11702.674416666667
417,2020-09-22,12786.91,12786.91,12632.74,12645.51,12833.15,12739.503,12555.6065,11727.153166666665
418,2020-09-23,12656.3,12700.89,12548.07,12583.88,12754.573999999999,12727.0325,12570.280833333332,11751.488583333334
419,2020-09-24,12487.48,12487.48,12264.38,12264.38,12632.902,12700.386,12577.934833333335,11771.868916666666
420,2020-09-25,12312.94,12385.81,12149.81,12232.91,12504.359999999999,12675.589,12583.330666666667,11790.506583333334
421,2020-09-28,12282.36,12462.76,12282.36,12462.76,12437.887999999999,12669.1545,12589.098333333332,11809.884
422,2020-09-29,12488.1,12571.34,12429.72,12467.73,12402.332,12657.377,12595.344333333334,11829.453166666668
423,2020-09-30,12483.65,12568.68,12466.58,12515.61,12388.678,12648.1825,12601.101333333334,11849.103166666666
424,2020-10-05,12567.88,12637.62,12519.12,12548.28,12445.458,12637.698,12607.027833333332,11869.511999999999
425,2020-10-06,12644.09,12706.39,12644.09,12704.23,12539.722,12641.011999999999,12617.537000000002,11889.27275
426,2020-10-07,12667.51,12774.36,12619.81,12746.37,12596.444,12648.2605,12626.4505,11908.432416666668
427,2020-10-08,12832.54,12887.19,12818.01,12887.19,12680.336000000001,12659.442,12637.753499999999,11929.363333333335
428,2020-10-12,12959.15,12997.79,12898.89,12955.91,12768.396,12676.8085,12650.3045,11949.020583333333
429,2020-10-13,12988.44,12994.66,12857.1,12947.13,12848.166000000001,12689.5775,12663.461000000001,11968.690750000002
430,2020-10-14,12927.09,12960.0,12895.79,12919.31,12891.182,12701.7455,12675.756833333331,11990.614833333333
431,2020-10-15,12892.29,12909.11,12786.26,12827.82,12907.472,12703.7455,12686.644833333334,12011.615499999998
432,2020-10-16,12814.16,12896.3,12750.37,12750.37,12880.107999999998,12698.9815,12692.525166666666,12031.481
433,2020-10-19,12803.32,12911.41,12803.32,12908.34,12870.594000000001,12695.5605,12699.776333333333,12052.822500000002
434,2020-10-20,12889.99,12917.75,12862.37,12862.37,12853.642,12695.042,12707.265166666668,12071.948333333334
435,2020-10-21,12889.88,12942.12,12846.42,12877.25,12845.23,12695.1235,12716.818666666666,12090.791583333334
436,2020-10-22,12854.97,12917.03,12827.4,12917.03,12863.072,12701.219000000001,12722.297499999999,12108.665
437,2020-10-23,12945.12,12963.26,12875.23,12898.82,12892.762,12713.8845,12727.499,12124.554
438,2020-10-26,12923.55,12971.58,12894.18,12909.03,12892.9,12730.142,12733.633333333333,12142.791916666667
439,2020-10-27,12867.77,12884.32,12821.07,12875.01,12895.428,12760.6735,12736.168166666666,12160.295250000001
440,2020-10-28,12853.76,12879.98,12761.33,12793.75,12878.728,12788.7155,12738.317333333334,12177.118333333336
441,2020-10-29,12687.64,12699.82,12583.37,12662.91,12827.904,12798.723,12740.815333333334,12192.284916666666
442,2020-10-30,12651.35,12656.29,12546.34,12546.34,12757.408,12802.6535,12738.089,12205.992583333333
443,2020-11-02,12565.32,12594.34,12480.66,12591.31,12693.864,12806.4385,12734.572500000002,12219.143
444,2020-11-03,12641.28,12760.14,12641.28,12736.01,12666.064,12815.825,12731.614333333333,12234.614166666666
445,2020-11-04,12766.86,12885.28,12736.02,12867.9,12680.894,12824.0085,12732.264833333333,12250.694416666667
446,2020-11-05,12878.01,12918.8,12840.4,12918.8,12732.071999999998,12832.63,12732.678166666668,12268.510416666666
447,2020-11-06,12952.49,12999.16,12927.3,12973.53,12817.51,12836.947,12735.9005,12286.498833333333
448,2020-11-09,13053.98,13149.9,13048.67,13127.47,12924.742,12845.525,12743.519166666667,12306.38983333333
449,2020-11-10,13090.65,13142.22,13022.92,13081.72,12993.884,12852.2545,12748.829,12324.9005
450,2020-11-11,13067.04,13262.19,13067.04,13262.19,13072.742,12869.3985,12756.607833333335,12344.520416666666
451,2020-11-12,13324.86,13324.86,13193.74,13221.78,13133.338,12889.0965,12761.035666666667,12362.966000000002
452,2020-11-13,13221.8,13273.33,13170.12,13273.33,13193.298,12915.2445,12767.722166666668,12383.484166666665
453,2020-11-16,13356.74,13551.83,13356.74,13551.83,13278.170000000002,12947.419,12780.608666666667,12405.822916666666
454,2020-11-17,13723.77,13780.12,13593.01,13593.01,13380.428,12983.951000000001,12801.114833333333,12427.454583333334
455,2020-11-18,13628.42,13773.29,13608.72,13773.29,13482.648000000001,13028.753,12820.539,12450.443166666666
456,2020-11-19,13775.26,13785.92,13700.04,13722.43,13582.778,13069.023000000001,12838.460666666668,12473.595166666666
457,2020-11-20,13702.59,13726.22,13666.07,13716.44,13671.4,13109.904,12854.4305,12496.714166666667
458,2020-11-23,13793.55,13921.16,13793.55,13878.01,13736.635999999999,13158.353,12871.8425,12520.039083333333
459,2020-11-24,13918.84,13951.17,13798.32,13807.13,13779.460000000001,13204.958999999999,12888.672833333336,12542.36575
460,2020-11-25,13860.95,13893.2,13731.81,13738.83,13772.568,13252.213,12905.505833333333,12562.521333333332
461,2020-11-26,13763.79,13856.76,13763.79,13845.66,13797.214000000002,13311.3505,12926.409333333335,12582.95825
462,2020-11-27,13833.21,13885.01,13811.81,13867.09,13827.344000000001,13377.388,12945.806166666667,12602.855666666666
463,2020-11-30,13917.65,13969.39,13722.89,13722.89,13796.319999999998,13433.967,12962.862666666666,12620.460416666667
464,2020-12-01,13810.55,13885.67,13749.71,13885.67,13812.028,13491.45,12981.657666666666,12639.198416666668
465,2020-12-02,13970.51,13995.7,13894.7,13989.14,13862.09,13547.511999999999,13004.1775,12658.106583333334
466,2020-12-03,13988.49,14049.58,13940.07,13977.09,13888.376,13600.426500000001,13027.105666666668,12678.450916666665
467,2020-12-04,14010.17,14149.56,14010.17,14132.44,13941.446,13658.372,13051.587,12700.97175
468,2020-12-07,14230.0,14306.87,14142.02,14256.6,14048.188,13714.8285,13079.054,12725.557916666667
469,2020-12-08,14251.94,14367.0,14184.58,14360.4,14143.134,13778.7625,13106.864833333333,12749.297583333335
470,2020-12-09,14336.69,14427.41,14336.69,14390.14,14223.333999999999,13835.16,13135.434666666666,12773.093833333334
471,2020-12-10,14295.15,14319.38,14191.85,14249.49,14277.814000000002,13886.545499999998,13159.795833333334,12795.6035
472,2020-12-11,14298.59,14353.17,14081.42,14261.69,14303.664,13935.963500000002,13183.3965,12818.202083333334
473,2020-12-14,14238.92,14270.34,14182.25,14211.05,14294.553999999998,13968.9245,13203.967999999999,12840.186416666666
474,2020-12-15,14206.33,14256.55,14053.35,14068.52,14236.178,13992.7,13223.897666666666,12860.654416666666
475,2020-12-16,14145.24,14339.5,14145.24,14304.46,14219.042000000001,14019.258500000002,13247.711666666666,12882.686
476,2020-12-17,14326.16,14338.4,14213.49,14258.93,14220.929999999998,14046.083500000002,13272.1085,12905.321916666666
477,2020-12-18,14268.13,14329.12,14245.6,14249.96,14218.583999999999,14072.7595,13298.849333333334,12927.227916666667
478,2020-12-21,14273.79,14384.96,14166.89,14384.96,14253.366,14098.107,13328.867333333332,12949.574083333335
479,2020-12-22,14348.11,14411.93,14175.69,14177.46,14275.154,14116.623500000002,13360.752,12969.343416666667
480,2020-12-23,14180.7,14247.79,14134.87,14223.09,14258.88,14140.8365,13393.921666666667,12988.626166666667
481,2020-12-24,14256.29,14324.42,14256.29,14280.28,14263.15,14162.567500000001,13424.213666666668,13006.655999999999
482,2020-12-25,14306.98,14400.83,14296.97,14331.42,14279.442000000001,14185.784,13455.275166666665,13025.309750000002
483,2020-12-28,14363.45,14483.07,14363.45,14483.07,14299.064000000002,14223.793,13488.066166666666,13044.583749999998
484,2020-12-29,14500.91,14547.07,14435.03,14472.05,14357.982,14253.112,13520.128999999999,13063.578416666665
485,2020-12-30,14485.97,14695.44,14476.69,14687.7,14450.904,14288.039999999999,13553.186833333333,13085.361916666667
486,2020-12-31,14704.53,14760.06,14646.33,14732.53,14541.354000000001,14325.812,13586.2895,13106.369999999999
487,2021-01-04,14720.25,14937.13,14720.25,14902.03,14655.476,14364.291500000001,13619.870166666666,13128.811833333333
488,2021-01-05,14913.64,15000.03,14861.99,15000.03,14758.867999999999,14401.462999999998,13653.938833333332,13152.121666666668
489,2021-01-06,15145.85,15197.68,14837.0,14983.13,14861.083999999999,14432.5995,13687.872166666666,13175.666583333334
490,2021-01-07,15059.52,15270.4,15049.86,15214.0,14966.344000000001,14473.7925,13726.117,13200.936916666667
491,2021-01-08,15365.13,15463.95,15275.38,15463.95,15112.628,14534.5155,13770.0525,13228.348666666667
492,2021-01-11,15425.58,15557.3,15395.73,15557.3,15243.682,14599.295999999998,13816.834666666666,13254.679916666668
493,2021-01-12,15549.53,15642.03,15421.23,15500.7,15343.816,14663.7785,13860.040666666668,13279.9085
494,2021-01-13,15550.16,15778.52,15550.16,15769.98,15501.186000000002,14748.851499999999,13908.500833333334,13307.883
495,2021-01-14,15651.2,15760.15,15620.96,15707.19,15599.823999999999,14818.987999999998,13955.6665,13336.242583333333
496,2021-01-15,15987.16,16041.59,15615.11,15616.39,15630.312,14886.860999999999,14000.655833333332,13361.476666666667
497,2021-01-18,15676.45,15676.45,15320.97,15612.0,15641.252000000002,14954.963,14045.8755,13386.68725
498,2021-01-19,15716.64,15928.14,15716.64,15877.37,15716.586,15029.583499999999,14095.347833333333,13414.490583333332
499,2021-01-20,15934.85,16004.32,15745.48,15806.18,15723.826000000001,15111.019499999999,14144.200666666668,13440.184416666665
500,2021-01-21,15775.73,16238.46,15775.73,16153.77,15813.142000000002,15207.5535,14200.201000000001,13469.259166666665
501,2021-01-22,15984.89,16138.04,15973.02,16019.03,15893.670000000002,15294.491,14256.136333333332,13498.475833333332
502,2021-01-25,16006.21,16014.96,15772.63,15946.54,15960.578,15375.247,14312.806333333334,13525.447666666667
503,2021-01-26,15955.16,16023.87,15589.21,15658.85,15916.874,15434.035999999998,14363.931999999999,13549.25225
504,2021-01-27,15711.76,15837.47,15642.12,15701.45,15895.928,15495.506,14413.356000000002,13572.485166666667
505,2021-01-28,15519.85,15557.02,15367.45,15415.88,15748.35,15531.914999999999,14455.822333333335,13594.043583333334
506,2021-01-29,15544.36,15603.41,15138.31,15138.31,15572.206,15552.204000000002,14492.814166666667,13612.746166666668
507,2021-02-01,15176.56,15429.98,15089.96,15410.09,15464.916000000001,15577.607,14533.423499999999,13634.662000000002
508,2021-02-02,15546.69,15838.15,15546.69,15760.05,15485.155999999999,15615.608000000002,14577.299833333333,13660.4095
509,2021-02-03,15828.64,15896.4,15741.16,15771.32,15499.13,15655.017500000002,14622.1265,13685.47775
510,2021-02-04,15697.75,15801.37,15606.74,15706.22,15557.197999999999,15679.6285,14662.860333333334,13709.734083333333
511,2021-02-05,15805.76,15938.09,15774.34,15802.4,15690.016,15696.551000000001,14705.870666666666,13733.453166666668
512,2021-02-17,16197.45,16406.78,16197.45,16362.29,15880.456,15736.800500000001,14757.353333333333,13762.53775
513,2021-02-18,16366.23,16517.73,16323.22,16424.51,16013.347999999998,15782.991,14805.231333333333,13792.92
514,2021-02-19,16376.91,16382.7,16211.25,16341.38,16127.36,15811.561000000002,14851.0375,13826.076166666666
515,2021-02-22,16445.87,16579.17,16410.16,16410.16,16268.147999999997,15846.7095,14894.985333333334,13857.762166666666
516,2021-02-23,16320.88,16467.75,16211.75,16443.4,16396.348,15888.060000000001,14940.334833333334,13889.39775
517,2021-02-24,16329.54,16456.94,16212.53,16212.53,16366.395999999999,15918.086500000001,14981.936333333333,13918.183416666667
518,2021-02-25,16376.8,16474.05,16322.27,16452.18,16371.929999999998,15946.827000000001,15024.839166666667,13948.340833333334
519,2021-02-26,16190.04,16190.04,15953.8,15953.8,16294.414,15954.208000000002,15060.616999999998,13974.644916666668
520,2021-03-02,16127.87,16262.91,15946.88,15946.88,16201.757999999998,15943.863500000001,15097.417833333333,14001.461833333333
521,2021-03-03,15992.32,16211.73,15884.55,16211.73,16155.423999999999,15953.498499999998,15136.852333333334,14031.630833333333
522,2021-03-04,16091.75,16091.75,15840.99,15906.41,16094.2,15951.491999999998,15170.840999999999,14058.323583333335
523,2021-03-05,15759.58,15934.43,15636.43,15855.23,15974.810000000001,15961.311000000002,15206.38,14084.621333333334
524,2021-03-08,15943.37,16074.97,15816.5,15820.11,15948.072,15967.244,15238.620666666668,14110.139166666666
525,2021-03-09,15715.07,15864.26,15657.92,15853.09,15929.313999999998,15989.104500000001,15269.686500000002,14136.932
526,2021-03-10,15921.45,15986.07,15857.32,15911.67,15869.302000000001,16027.772500000001,15301.929499999998,14164.517583333332
527,2021-03-11,15947.21,16216.22,15947.21,16179.56,15923.932,16066.246,15336.048166666667,14193.817583333333
528,2021-03-12,16241.55,16298.03,16166.35,16255.18,16003.922,16091.002499999999,15369.357833333335,14224.205916666666
529,2021-03-15,16256.58,16281.91,16194.91,16249.33,16089.766,16114.903,15400.84,14253.852416666667
530,2021-03-16,16253.93,16340.66,16244.99,16313.16,16181.779999999999,16145.25,15432.890333333335,14284.1625
531,2021-03-17,16312.98,16349.21,16166.35,16215.82,16242.61,16165.920999999998,15465.6625,14312.729166666666
532,2021-03-18,16264.61,16410.02,16264.61,16287.84,16264.266,16162.198500000002,15499.431666666665,14341.414083333335
533,2021-03-19,16186.46,16186.46,16022.17,16070.24,16227.278,16144.485,15530.418166666666,14367.193083333335
534,2021-03-22,16065.5,16235.63,15983.77,16189.22,16215.256,16136.876999999999,15565.763166666668,14394.830416666668
535,2021-03-23,16250.2,16351.38,16166.29,16177.59,16188.141999999998,16125.248500000002,15596.982,14422.346833333333
536,2021-03-24,15994.96,16125.54,15967.95,16032.12,16151.402000000002,16104.6845,15626.535166666667,14449.321833333333
537,2021-03-25,16010.54,16146.58,15944.96,16060.14,16105.862,16097.064999999999,15656.704833333333,14477.777083333332
538,2021-03-26,16140.37,16325.62,16140.37,16305.88,16152.99,16089.75,15688.720166666668,14508.79375
539,2021-03-29,16411.67,16520.89,16411.67,16475.97,16210.34,16115.858499999998,15727.028666666667,14543.890333333335
540,2021-03-30,16490.31,16556.19,16438.4,16554.9,16285.802000000001,16146.2595,15765.892166666667,14579.906916666665
541,2021-03-31,16529.23,16550.2,16427.2,16431.13,16365.604000000001,16157.229500000001,15801.739666666666,14612.976666666666
542,2021-04-01,16538.28,16602.47,16496.16,16571.28,16467.832000000002,16190.473000000002,15839.070666666668,14647.172916666666
543,2021-04-06,16711.79,16804.45,16711.79,16739.87,16554.629999999997,16234.704999999998,15876.684000000001,14682.375083333334
544,2021-04-07,16771.35,16816.34,16715.32,16815.36,16622.507999999998,16284.467499999999,15915.739166666668,14717.934083333334
545,2021-04-08,16786.56,16926.72,16735.78,16926.44,16696.816,16338.134999999998,15953.0515,14753.119166666667
546,2021-04-09,16974.28,17016.13,16815.59,16854.1,16781.409999999996,16385.2565,15988.410999999998,14787.35025
547,2021-04-12,16908.55,16979.35,16793.54,16859.7,16839.094,16419.2635,16021.038833333334,14820.4545
548,2021-04-13,16872.4,17041.37,16802.22,16824.91,16856.102000000003,16447.75,16051.4535,14852.696166666667
549,2021-04-14,16869.78,16935.39,16559.57,16865.97,16866.224,16478.582000000002,16082.834166666667,14885.353166666666
550,2021-04-15,16851.06,17076.73,16851.06,17076.73,16896.282,16516.7605,16113.879666666668,14919.998333333331
551,2021-04-16,17028.35,17158.81,16998.91,17158.81,16957.224,16563.91,16142.127333333332,14956.089916666668
552,2021-04-19,17141.25,17294.15,17135.52,17263.28,17037.94,16612.681999999997,16170.560333333333,14993.6975
553,2021-04-20,17231.58,17323.87,17175.02,17323.87,17137.732,16675.3635,16200.946499999998,15030.493583333333
554,2021-04-21,17282.76,17282.76,17167.39,17202.11,17204.96,16726.008,16224.815333333332,15066.658083333334
555,2021-04-22,17302.73,17428.15,17066.17,17096.97,17209.007999999998,16771.977,16247.978333333334,15101.822416666666
556,2021-04-23,17117.49,17300.27,17055.48,17300.27,17237.3,16835.3845,16276.043,15138.349416666666
557,2021-04-26,17378.36,17572.29,17378.36,17572.29,17299.102000000003,16910.992,16308.7145,15177.295
558,2021-04-27,17586.02,17630.19,17489.71,17595.9,17353.508,16975.493,16337.356666666667,15216.352249999998
559,2021-04-28,17610.72,17628.81,17497.74,17567.53,17426.592,17030.071,16366.7125,15255.45658333333
560,2021-04-29,17646.93,17709.23,17548.3,17566.66,17520.530000000002,17080.659,16390.260666666665,15295.230833333335
561,2021-05-03,17505.52,17546.94,17222.35,17222.35,17504.946,17120.219999999998,16410.316000000003,15333.226166666665
562,2021-05-04,17249.56,17328.55,16647.61,16933.78,17377.244,17138.345,16426.77,15369.788166666665
563,2021-05-05,16968.75,17052.2,16843.44,16843.44,17226.752,17143.523500000003,16446.513166666668,15405.222583333332
564,2021-05-06,16925.52,17088.73,16764.71,16994.36,17112.118,17152.4735,16468.061666666665,15440.708833333334
565,2021-05-07,17032.23,17285.0,17032.23,17285.0,17055.786,17170.4015,16499.213666666667,15477.518
566,2021-05-10,17274.23,17304.47,17188.15,17235.61,17058.438000000002,17189.477,16534.16866666667,15513.491416666668
567,2021-05-11,17137.19,17137.19,16460.87,16583.13,16988.308,17175.6485,16553.719333333334,15543.571416666668
568,2021-05-12,16515.88,16552.63,15165.27,15902.37,16800.094,17129.5215,16556.091333333334,15566.695583333336
569,2021-05-13,15668.33,16031.93,15368.54,15670.1,16535.242000000002,17069.728,16554.404333333332,15588.265416666665
570,2021-05-14,15819.24,16075.48,15702.1,15827.09,16243.66,17007.246,16556.418833333333,15609.639583333334
571,2021-05-17,15554.99,15719.74,15159.86,15353.89,15867.316,16917.0,16548.943666666666,15627.407166666666
572,2021-05-18,15564.96,16153.77,15564.96,16145.98,15779.885999999999,16861.135000000002,16545.3385,15651.345916666667
573,2021-05-19,16112.21,16273.98,16009.76,16132.66,15825.944,16801.574500000002,16540.47433333333,15672.852833333334
574,2021-05-20,16122.52,16154.08,15943.45,16042.36,15900.395999999999,16743.587,16535.490666666665,15693.264083333333
575,2021-05-21,16136.86,16431.14,16136.86,16302.06,15995.39,16703.841500000002,16533.689,15714.337166666666
576,2021-05-24,16246.52,16397.59,16136.97,16338.29,16192.27,16655.7425,16531.937166666667,15736.136
577,2021-05-25,16444.75,16657.6,16444.75,16595.67,16282.208000000002,16606.9115,16538.32283333333,15760.129583333333
578,2021-05-26,16645.17,16706.29,16523.23,16643.69,16384.413999999997,16559.301,16541.514666666666,15783.176916666667
579,2021-05-27,16591.7,16601.61,16419.42,16601.61,16496.264,16511.005,16552.3115,15806.464249999999
580,2021-05-28,16690.04,16889.01,16690.04,16870.86,16610.023999999998,16476.215,16567.711166666668,15832.5645
581,2021-05-31,16948.47,17113.33,16939.91,17068.43,16756.052,16468.519,16581.9895,15859.420916666666
582,2021-06-01,17098.49,17184.3,17060.45,17162.38,16869.394,16479.949,16602.922333333336,15886.881666666666
583,2021-06-02,17192.91,17274.66,17056.42,17165.04,16973.664,16496.029,16624.7525,15915.56625
584,2021-06-03,17201.3,17311.28,17198.89,17246.16,17102.574,16508.619,16648.52,15943.570333333333
585,2021-06-04,17225.06,17225.06,17084.49,17147.41,17157.884000000002,16501.7395,16670.092,15969.88925
586,2021-06-07,17176.09,17189.23,16775.85,17083.91,17160.98,16494.1545,16689.629333333334,15995.779416666666
587,2021-06-08,17094.34,17181.52,17056.53,17076.21,17143.746,16518.8085,16704.573500000002,16020.310833333331
588,2021-06-09,17082.52,17082.52,16907.43,16966.22,17103.982,16572.001,16716.424166666668,16042.891
589,2021-06-10,17024.54,17159.22,16978.01,17159.22,17086.594,16646.457,16731.589,16066.2145
590,2021-06-11,17200.45,17278.55,17193.61,17213.52,17099.816,16715.7785,16746.594999999998,16089.742666666667
591,2021-06-15,17279.7,17371.29,17279.7,17371.29,17157.292,16816.6485,16765.852833333334,16115.757666666666
592,2021-06-16,17357.37,17398.22,17275.02,17307.86,17203.622,16874.7425,16782.853166666668,16141.142416666667
593,2021-06-17,17254.84,17390.61,17150.52,17390.61,17288.5,16937.64,16804.859333333334,16167.63875
594,2021-06-18,17384.74,17417.5,17318.54,17318.54,17320.364,17001.449,16823.681333333334,16194.722249999999
595,2021-06-21,17305.49,17305.49,17023.31,17062.98,17290.256,17039.495000000003,16838.437833333333,16217.709916666667
596,2021-06-22,17162.71,17270.47,17075.55,17075.55,17231.108,17076.358,16855.82833333333,16241.18175
597,2021-06-23,17127.59,17375.79,17127.59,17336.71,17236.878,17113.409999999996,16877.1045,16266.904666666665
598,2021-06-24,17358.57,17439.63,17319.89,17407.96,17240.347999999998,17151.6235,16895.4725,16292.096333333333
599,2021-06-25,17471.07,17597.33,17471.07,17502.99,17277.237999999998,17196.692499999997,16912.5895,16319.809083333334
600,2021-06-28,17531.82,17595.51,17481.23,17590.97,17382.836,17232.698,16929.857333333333,16347.874749999999
601,2021-06-29,17621.15,17713.24,17541.14,17598.19,17487.364,17259.186,16949.308333333334,16375.524000000001
602,2021-06-30,17648.25,17797.27,17648.25,17755.46,17571.114,17288.84,16969.044666666665,16404.057666666668
603,2021-07-01,17801.19,17863.9,17644.36,17713.94,17632.31,17316.285,16985.279166666667,16430.981583333334
604,2021-07-02,17745.69,17795.88,17676.98,17710.15,17673.742000000002,17339.4845,17000.192333333332,16457.96575
605,2021-07-05,17783.8,17945.52,17783.8,17919.33,17739.414,17378.080500000004,17016.7405,16484.896
606,2021-07-06,17929.22,18008.37,17895.78,17913.07,17802.39,17419.5385,17034.39,16511.4005
607,2021-07-07,17901.25,17933.62,17756.82,17850.69,17821.435999999998,17458.2625,17050.9065,16535.972666666665
608,2021-07-08,17880.9,17935.11,17742.08,17866.09,17851.866,17503.256,17068.2595,16559.8565
609,2021-07-09,17778.12,17778.12,17597.46,17661.48,17842.132,17528.369,17081.518,16582.176083333332
610,2021-07-12,17843.3,17947.9,17759.9,17814.33,17821.132,17558.4095,17093.81133333333,16603.8455
611,2021-07-13,17931.47,18018.04,17786.76,17847.52,17808.022,17582.221,17105.289833333332,16623.708583333333
612,2021-07-14,17892.51,17940.86,17716.44,17845.75,17807.034,17609.1155,17114.997666666666,16642.779
613,2021-07-15,17878.78,18034.19,17878.78,18034.19,17840.654000000002,17641.2945,17126.836333333333,16663.891416666665
614,2021-07-16,17839.58,17926.38,17779.61,17895.25,17887.408000000003,17670.13,17138.38866666667,16681.602
615,2021-07-19,17854.35,17854.35,17708.15,17789.25,17882.392,17706.4435,17149.926666666666,16698.9525
616,2021-07-20,17724.92,17724.92,17500.69,17528.74,17818.636000000002,17729.103,17153.734500000002,16714.88875
617,2021-07-21,17593.6,17707.56,17352.24,17458.79,17741.244,17735.207000000002,17151.842833333336,16730.278666666665
618,2021-07-22,17482.81,17667.38,17482.81,17572.33,17648.872,17743.4255,17151.45,16744.403333333332
619,2021-07-23,17603.95,17672.6,17511.86,17572.92,17584.406,17746.922,17151.539833333332,16759.12616666667
620,2021-07-26,17554.93,17637.36,17403.56,17403.56,17507.268,17737.551499999998,17148.821500000002,16769.541083333334
621,2021-07-27,17394.77,17459.35,17264.5,17269.87,17455.494,17721.135499999997,17149.6135,16779.96475
622,2021-07-28,17252.87,17252.87,16893.7,17135.22,17390.780000000002,17690.1235,17152.970833333333,16789.870416666665
623,2021-07-29,17216.58,17402.81,17190.48,17402.81,17356.876,17674.567000000003,17162.29366666667,16804.403416666664
624,2021-07-30,17414.77,17429.01,17237.67,17247.41,17291.774,17651.43,17166.511166666667,16817.286416666666
625,2021-08-02,17256.61,17503.28,17231.22,17503.28,17311.718,17630.6275,17170.149166666666,16834.681416666666
626,2021-08-03,17489.12,17553.76,17456.2,17553.76,17368.496,17612.662000000004,17175.451666666668,16854.810166666666
627,2021-08-04,17588.64,17636.11,17557.18,17623.89,17466.23,17601.322,17192.797666666665,16873.2585
628,2021-08-05,17624.82,17643.97,17566.72,17603.12,17506.291999999998,17588.173499999997,17221.1435,16888.617416666668
629,2021-08-06,17593.85,17593.85,17469.68,17526.28,17562.066,17581.413500000002,17252.079833333333,16903.242083333334
630,2021-08-09,17505.01,17510.09,17350.15,17485.15,17558.44,17564.9545,17279.714166666665,16918.0665
631,2021-08-10,17492.45,17524.91,17305.06,17323.64,17512.416,17538.760499999997,17312.543333333335,16930.7435
632,2021-08-11,17308.62,17327.2,17090.25,17227.18,17433.074,17507.832,17330.56333333333,16937.950916666665
633,2021-08-12,17221.35,17233.11,17139.21,17219.94,17356.438000000002,17467.119499999997,17348.684666666668,16944.5795
634,2021-08-13,17216.34,17216.34,16978.11,16982.11,17247.604,17421.4625,17364.347166666666,16949.918916666666
635,2021-08-16,16941.33,16983.59,16773.57,16858.77,17122.328,17374.938499999997,17373.625666666667,16953.657333333333
636,2021-08-17,16841.62,16870.55,16657.63,16661.36,16989.872,17331.5695,17379.010166666667,16955.473666666665
637,2021-08-18,16630.99,16826.27,16418.54,16826.27,16909.690000000002,17299.9435,17382.8535,16960.588166666665
638,2021-08-19,16777.78,16777.78,16375.4,16375.4,16740.782,17240.097,17378.381999999998,16959.948333333334
639,2021-08-20,16426.98,16507.11,16248.08,16341.94,16612.748,17178.548000000003,17374.054166666665,16963.182833333332
640,2021-08-23,16459.13,16785.29,16459.13,16741.84,16589.362,17145.462,17371.903833333334,16969.807500000003
641,2021-08-24,16830.63,16904.3,16779.9,16818.73,16620.836,17122.905000000002,17367.742166666667,16974.865833333333
642,2021-08-25,16821.08,17045.86,16821.08,17045.86,16664.754,17118.436999999998,17365.800166666664,16984.361249999998
643,2021-08-26,17177.39,17201.42,16984.69,17066.96,16803.066,17101.644500000002,17364.1655,16994.459
644,2021-08-27,17061.1,17229.89,17000.26,17209.93,16976.663999999997,17099.770500000002,17363.561666666665,17006.040833333336
645,2021-08-30,17244.62,17396.52,17244.62,17396.52,17107.6,17094.4325,17367.713499999998,17018.90275
646,2021-08-31,17384.61,17490.29,17207.57,17490.29,17241.912,17091.259,17374.486500000003,17032.057916666665
647,2021-09-01,17463.8,17503.93,17415.52,17473.99,17327.538,17083.764000000003,17381.116166666667,17042.844833333333
648,2021-09-02,17455.92,17523.16,17319.76,17319.76,17378.097999999998,17069.596,17387.0085,17051.716333333334
649,2021-09-03,17380.52,17540.78,17380.52,17516.92,17439.496000000003,17069.128,17392.970166666666,17062.279583333333
