Date,TradeVolume,TradeValue,Open,High,Low,Close,Change,Transaction,MA_5,MA_20,MA_60,MA_120,EMA_12,EMA_26,DIF,DEM,OSC,BIAS_5,BIAS_20,BIAS_60,BIAS_120
2020-01-02,6237434,2758621262,445.0,446.0,440.5,441.5,-2.0,4171,0.0,0.0,0.0,0.0,441.5,441.5,0.0,0.0,0.0,0.0,0.0,0.0,0.0
2020-01-03,12375266,5364928476,445.0,445.5,423.0,434.5,-7.0,9265,0.0,0.0,0.0,0.0,437.7083333333333,437.8653846153846,-0.1570512820512704,-0.08725071225070577,-0.06980056980056462,0.0,0.0,0.0,0.0
2020-01-06,8520516,3632830840,428.0,431.5,424.0,424.0,-10.5,6039,0.0,0.0,0.0,0.0,432.3579676674365,432.8836865450961,-0.5257188776595854,-0.26695078004123013,-0.25876809761835523,0.0,0.0,0.0,0.0
2020-01-07,11707155,4982703572,428.0,431.0,418.0,426.0,2.0,7952,0.0,0.0,0.0,0.0,430.35100574712646,430.95930860129533,-0.6083028541688691,-0.3825849514936824,-0.2257179026751867,0.0,0.0,0.0,0.0
2020-01-08,9695448,4178143323,426.0,436.5,424.0,430.5,4.5,6606,431.3,0.0,0.0,0.0,430.39148695313025,430.85279304219125,-0.46130608906099724,-0.40600271017029915,-0.055303378890698085,-0.001854857407836799,0.0,0.0,0.0
2020-01-09,7061194,3077279278,435.0,439.0,432.5,437.0,6.5,4873,430.4,0.0,0.0,0.0,431.9977032960991,432.0840295674765,-0.08632627137740201,-0.3193526215912547,0.2330263502138527,0.015334572490706373,0.0,0.0,0.0
2020-01-10,7882248,3401903337,439.5,441.0,426.0,432.0,-5.0,5974,429.9,0.0,0.0,0.0,431.99821579753905,432.06908534449855,-0.07086954695949998,-0.25646818432718116,0.18559863736768117,0.00488485694347528,0.0,0.0,0.0
2020-01-13,10239998,4358608124,432.0,435.0,422.0,422.0,-10.0,8127,429.5,0.0,0.0,0.0,429.91174226415393,430.446706200423,-0.5349639362690937,-0.32339595063259874,-0.21156798563649493,-0.017462165308498253,0.0,0.0,0.0
2020-01-14,19437055,8113096100,422.5,424.5,412.5,416.0,-6.0,12927,427.5,0.0,0.0,0.0,427.15950448402225,428.3053871938888,-1.1458827098665552,-0.5133944723934961,-0.632488237473059,-0.026900584795321637,0.0,0.0,0.0
2020-01-15,26086092,10741727720,409.0,419.0,406.5,416.0,0.0,17129,424.6,0.0,0.0,0.0,425.0447827213789,426.6073635256251,-1.5625808042461813,-0.7484731159114774,-0.8141076883347039,-0.020254357041921862,0.0,0.0,0.0
2020-01-16,13075722,5495435494,419.0,423.5,415.0,421.0,5.0,8603,421.4,0.0,0.0,0.0,424.3046850099664,425.8800866999362,-1.5754016899697945,-0.929400362898426,-0.6460013270713685,-0.0009492168960606959,0.0,0.0,0.0
2020-01-17,8818316,3724242970,428.0,428.0,418.5,420.5,-0.5,5956,419.1,0.0,0.0,0.0,423.62822450544104,425.21905827798884,-1.5908337725477963,-1.0714485198449804,-0.519385252702816,0.003340491529467853,0.0,0.0,0.0
2020-01-20,6172773,2590427739,421.0,422.0,417.0,419.0,-1.5,4178,418.5,0.0,0.0,0.0,422.82458890744016,424.4904967224761,-1.6659078150359505,-1.197256760030897,-0.46865105500505355,0.0011947431302270011,0.0,0.0,0.0
2020-01-30,22330256,8733286560,400.0,400.5,382.5,383.5,-35.5,14587,412.0,0.0,0.0,0.0,416.1288669801607,419.886776122211,-3.7579091420503232,-1.732947148892426,-2.0249619931578975,-0.0691747572815534,0.0,0.0,0.0
2020-01-31,10439123,4053010283,385.0,393.0,382.0,388.0,4.5,6604,406.4,0.0,0.0,0.0,411.416800211586,416.43740802606777,-5.020607814481764,-2.414457806572618,-2.6061500079091457,-0.04527559055118105,0.0,0.0,0.0
2020-02-03,10641830,4039690053,376.5,387.0,373.0,382.0,-6.0,6696,398.6,0.0,0.0,0.0,406.55544203824525,412.83497224998695,-6.279530211741701,-3.2098608941619124,-3.0696693175797884,-0.04164576016056202,0.0,0.0,0.0
2020-02-04,9511276,3714645692,384.0,396.5,384.0,390.5,8.5,6475,392.6,0.0,0.0,0.0,403.9320906312224,410.56777751822256,-6.6356868870001335,-3.9108100648491195,-2.724876822151014,-0.005348955680081566,0.0,0.0,0.0
2020-02-05,16355382,6272530188,390.5,390.5,378.5,381.0,-9.5,11107,385.0,0.0,0.0,0.0,400.2205753459294,407.64653322892417,-7.425957882994794,-4.626736614649884,-2.79922126834491,-0.01038961038961039,0.0,0.0,0.0
2020-02-06,10507866,4040943705,381.0,390.5,380.0,382.0,1.0,7266,384.7,0.0,0.0,0.0,397.2950199899814,405.1738363230943,-7.878816333112866,-5.286663101316703,-2.5921532317961624,-0.007018455939693238,0.0,0.0,0.0
2020-02-07,10226510,3905283810,380.5,385.5,379.0,381.0,-1.0,6890,383.3,411.4,0.0,0.0,394.6960954256734,402.8940598182457,-8.197964392572317,-5.875714661680482,-2.3222497308918344,-0.006000521784503029,-0.07389402041808454,0.0,0.0
2020-02-10,11049172,4211632204,377.5,386.5,375.0,380.0,-1.0,7215,382.9,408.325,0.0,0.0,392.36534540976,400.77779545652317,-8.412450046763183,-6.387784751645717,-2.024665295117466,-0.007573779054583383,-0.06936876262780871,0.0,0.0
2020-02-11,11384133,4418605620,382.0,391.5,382.0,390.0,10.0,7917,382.8,406.1,0.0,0.0,391.9919834079448,399.7994902889677,-7.807506881022903,-6.673839891906499,-1.1336669891164037,0.018808777429467054,-0.03964540753508993,0.0,0.0
2020-02-12,13600808,5440307816,398.0,403.5,395.0,401.5,11.5,8503,386.9,404.975,0.0,0.0,393.4868124349912,399.95131143248597,-6.464498997494786,-6.63172309936231,0.16722410186752423,0.037735849056603835,-0.008580776591147657,0.0,0.0
2020-02-13,15526270,6348760210,408.5,412.0,406.5,408.5,7.0,8732,392.2,404.1,0.0,0.0,395.8392207021753,400.70310496445455,-4.863884262279271,-6.276477733135037,1.4125934708557661,0.041560428352881214,0.010888393961890563,0.0,0.0
2020-02-14,9177582,3724845554,407.0,408.0,403.5,405.5,-3.0,6104,397.1,402.85,0.0,0.0,397.34867117172683,401.1191857701678,-3.7705145984409683,-5.77338447359895,2.002869875157982,0.021153361873583423,0.006578130817922247,0.0,0.0
2020-02-17,9237824,3669593100,397.5,399.5,394.0,398.0,-7.5,6894,400.7,400.9,0.0,0.0,397.4501946196545,400.85201270236917,-3.4018180827146693,-5.2976333258064,1.8958152430917306,-0.006738208135762387,-0.0072337241207283045,0.0,0.0
2020-02-18,7500223,2956294585,394.0,396.5,392.0,392.0,-6.0,5297,401.1,398.9,0.0,0.0,396.6023828062469,400.1024759345573,-3.5000931283103682,-4.937253942424339,1.4371608141139705,-0.022687609075043684,-0.01729756831286031,0.0,0.0
2020-02-19,9008260,3519298920,395.0,396.0,387.5,388.5,-3.5,6307,398.5,397.225,0.0,0.0,395.34415823522215,399.13035060931634,-3.7861923740941847,-4.7065954703865325,0.9204030962923477,-0.025094102885821833,-0.02196488136446604,0.0,0.0
2020-02-20,8177571,3199218235,391.5,394.0,387.5,394.0,5.5,5293,395.6,396.125,0.0,0.0,395.13572407248114,398.7046334742925,-3.568909401811368,-4.4787056141995985,0.9097962123882306,-0.0040444893832154265,-0.005364468286525718,0.0,0.0
2020-02-21,7800080,3038322028,394.0,394.0,388.0,388.0,-6.0,6438,392.1,394.725,0.0,0.0,394.0305598779275,397.82420281052134,-3.7936429325938548,-4.341523254342499,0.5478803217486439,-0.01045651619484831,-0.017037177782000184,0.0,0.0
2020-02-24,13117425,4973563735,382.5,384.5,376.0,377.0,-11.0,8825,387.9,392.525,0.0,0.0,391.3956246727276,396.1253472974488,-4.729722624721205,-4.419240095449706,-0.310482529271499,-0.028100025779840106,-0.03955162091586518,0.0,0.0
2020-02-25,10230047,3865178360,374.5,383.0,371.0,378.5,1.5,7545,385.2,390.425,0.0,0.0,389.40217672749196,394.698170487664,-5.295993760172053,-4.594729865714556,-0.7012638944574965,-0.017393561786085122,-0.03054363834283156,0.0,0.0
2020-02-26,10994144,4135433490,375.0,380.0,373.0,375.0,-3.5,7002,382.5,388.225,0.0,0.0,387.1774809048177,393.11407950416867,-5.936598599350987,-4.863273822395779,-1.0733247769552072,-0.0196078431372549,-0.03406529718591029,0.0,0.0
2020-02-27,14733370,5392264050,376.0,378.0,360.0,360.0,-15.0,9355,375.7,387.05,0.0,0.0,382.9820061905628,390.46789324040736,-7.485887049844564,-5.388062567392571,-2.097824482451993,-0.04178866116582377,-0.06988761141971324,0.0,0.0
2020-03-02,11727602,4237999575,356.0,368.0,353.5,363.0,3.0,7845,370.7,385.8,0.0,0.0,379.8989448562855,388.2856386935266,-8.386693837241125,-5.98803219795822,-2.3986616392829054,-0.0207715133531157,-0.05909797822706068,0.0,0.0
2020-03-03,10014005,3747508875,373.0,378.5,371.0,372.0,9.0,6126,369.7,385.3,0.0,0.0,378.6807447770078,386.99870116905186,-8.317956392044039,-6.454168306591165,-1.8637880854528737,0.006221260481471494,-0.034518556968595925,0.0,0.0
2020-03-04,10894688,4012499436,371.5,372.5,364.0,370.5,-1.5,5720,368.1,384.3,0.0,0.0,377.41956007837933,385.7013471509266,-8.281787072547274,-6.819786979816808,-1.4620000927304666,0.006519967400162937,-0.035909445745511345,0.0,0.0
2020-03-05,11305601,4317208665,377.5,385.0,376.0,385.0,14.5,7410,370.1,384.5,0.0,0.0,378.5878262428726,385.6464479453872,-7.058621702514586,-6.867563847223506,-0.19105785529107955,0.04025938935422852,0.0013003901170351106,0.0,0.0
2020-03-06,7682406,2914891650,380.0,382.5,376.5,378.5,-6.5,5211,373.8,384.325,0.0,0.0,378.57429447408435,385.08938808690897,-6.515093612824614,-6.797058085564695,0.2819644727400803,0.012573568753344004,-0.015156443114551457,0.0,0.0
2020-03-09,11652891,4271197888,368.5,371.0,361.0,366.5,-12.0,7613,374.5,383.6,0.0,0.0,376.71438011678913,383.64595374694113,-6.931573630152002,-6.82396477099411,-0.10760885915789231,-0.021361815754339118,-0.04457768508863405,0.0,0.0
2020-03-10,11832469,4357631145,363.5,373.5,362.0,373.5,7.0,7776,374.8,383.275,0.0,0.0,376.21933521009703,382.8609435122094,-6.641608302112388,-6.787489598512132,0.145881296399744,-0.0034685165421558467,-0.02550388102537337,0.0,0.0
2020-03-11,9371669,3471915840,373.5,377.0,362.0,363.0,-10.5,6371,373.3,381.925,0.0,0.0,374.1837650907963,381.3293182911475,-7.1455532003511735,-6.859108411534743,-0.2864447888164303,-0.027591749263327112,-0.04955161353668917,0.0,0.0
2020-03-12,19312208,6651230970,356.0,358.5,336.0,336.0,-27.0,12801,363.5,378.65,0.0,0.0,368.30487679873886,377.8442434519352,-9.539366653196339,-7.39519654413479,-2.144170109061549,-0.07565337001375516,-0.11263699986795188,0.0,0.0
2020-03-13,23633277,7679822957,307.5,348.0,305.0,341.0,5.0,15128,356.0,375.275,0.0,0.0,364.1014264424066,375.0194664159514,-10.918039973544808,-8.099803592473458,-2.8182363810713493,-0.042134831460674156,-0.09133302245020312,0.0,0.0
2020-03-16,12157253,4020202713,333.0,342.5,320.0,320.0,-21.0,8087,346.7,371.0,0.0,0.0,357.31290186844046,370.8121438910182,-13.499242022577732,-9.179738316285539,-4.319503706292194,-0.07701182578598209,-0.13746630727762804,0.0,0.0
2020-03-17,14400860,4580804120,308.0,328.5,308.0,315.5,-4.5,9491,335.1,366.875,0.0,0.0,350.87718790976413,366.59254900923764,-15.715361099473512,-10.486908421153508,-5.228452678320004,-0.058490002984183886,-0.14003407155025555,0.0,0.0
2020-03-18,14131612,4441650824,315.5,321.5,301.5,301.5,-14.0,9639,322.8,362.35,0.0,0.0,343.27774012604505,361.63780108260426,-18.36006095655921,-12.061582823750427,-6.298478132808782,-0.0659851301115242,-0.16793155788602185,0.0,0.0
2020-03-19,25712419,7248969225,291.0,298.5,273.0,274.0,-27.5,16966,310.4,356.625,0.0,0.0,332.6161155795593,354.9805524583368,-22.364436878777497,-14.122199588045255,-8.242237290732241,-0.11726804123711333,-0.23168594461969858,0.0,0.0
2020-03-20,17586676,5245651976,296.0,301.0,287.0,301.0,27.0,8826,302.4,351.975,0.0,0.0,327.75074219208034,350.88774831541065,-23.13700612333031,-15.925193061580705,-7.211813061749604,-0.004629629629629555,-0.1448256268200867,0.0,0.0
2020-03-23,21198004,6537935776,307.0,314.0,296.0,308.0,7.0,14232,300.0,347.975,0.0,0.0,324.7114499324208,347.64166764187576,-22.93021770945495,-17.32621798725148,-5.603999722203472,0.02666666666666667,-0.11487894245276246,0.0,0.0
2020-03-24,13447078,4486612738,336.0,338.5,326.0,330.0,22.0,8947,302.9,345.625,0.0,0.0,325.52523535986865,346.3085593852287,-20.78332402536006,-18.017647089597926,-2.7656769357621336,0.08946847144272045,-0.045207956600361664,0.0,0.0
2020-03-25,20283591,6973782076,348.0,353.0,330.0,334.5,4.5,13754,309.5,343.425,0.0,0.0,326.90620148468,345.4175643232939,-18.511362838613877,-18.116391141367327,-0.39497169724655024,0.08077544426494346,-0.02598820703210311,0.0,0.0
2020-03-26,11554093,3906131492,339.0,345.0,328.0,343.5,9.0,8461,323.4,341.85,0.0,0.0,329.45945824159617,345.27307700454037,-15.813618762944202,-17.655833300152505,1.842214537208303,0.062152133580705086,0.004826678367705067,0.0,0.0
2020-03-27,13224545,4583620030,359.5,359.5,336.5,340.0,-3.5,9161,331.2,340.85,0.0,0.0,331.0812760550805,344.8762598935201,-13.794983838439634,-16.883658893673296,3.0886750552336615,0.02657004830917878,-0.0024937655860349794,0.0,0.0
2020-03-30,11164349,3697049811,329.5,336.5,323.0,336.5,-3.5,7513,336.9,339.525,0.0,0.0,331.91501115198736,344.2466601578538,-12.331649005866439,-15.973252658319272,3.641603652452833,-0.0011872959335113603,-0.008909505927398505,0.0,0.0
2020-03-31,10956002,3640562391,339.0,343.5,326.0,327.5,-9.0,7793,336.4,337.3,0.0,0.0,331.23571988854326,342.98927256489355,-11.753552676350296,-15.129309504359263,3.375756828008967,-0.026456599286563548,-0.029054254372961788,0.0,0.0
2020-04-01,6677209,2209097396,333.0,334.0,325.5,334.0,6.5,4960,336.3,335.475,0.0,0.0,331.6610248914037,342.3150122308839,-10.653987339480182,-14.234242392308529,3.580255052828347,-0.006839131727624179,-0.004396750875624182,0.0,0.0
2020-04-06,8234391,2805449722,346.0,346.0,336.5,341.0,7.0,5494,335.8,333.275,0.0,0.0,333.09787930995566,342.21646877607844,-9.118589466122785,-13.21110935715448,4.092519891031696,0.015485407980941002,0.02317905633485867,0.0,0.0
2020-04-07,10214322,3551388356,348.0,350.0,346.0,347.0,6.0,5632,337.2,331.7,0.0,0.0,335.23677923307474,342.5746244833338,-7.337845250259079,-12.036454285583327,4.698609035324248,0.02906287069988141,0.04612601748567987,0.0,0.0
2020-04-08,6885590,2399316273,346.0,352.0,345.0,349.5,2.5,4941,339.8,330.85,375.28333333333336,0.0,337.4312182277634,343.0927320168196,-5.661513789056187,-10.761464232361327,5.09995044330514,0.02854620364920538,0.05636995617349245,-0.06870364613403213,0.0
2020-04-09,8237776,2892865250,356.0,356.0,347.5,351.5,2.0,5200,344.6,329.75,373.78333333333336,0.0,339.5957274325033,343.7212398785566,-4.125512446053335,-9.43427224796709,5.308759801913755,0.020023215322112528,0.06595905989385899,-0.05961564186025779,0.0
2020-04-10,6619621,2318809264,352.5,352.5,348.0,350.0,-1.5,4052,347.8,329.1,372.375,0.0,341.19643558651217,344.190304771386,-2.9938691848738586,-8.146190372001415,5.152321187127557,0.0063254744105807606,0.06350653296870244,-0.06008727760993622,0.0
2020-04-13,7148004,2515220408,349.0,354.5,348.5,351.5,1.5,4177,349.9,329.875,371.1666666666667,0.0,342.7816419408812,344.7360421334219,-1.9544001925407315,-6.907831364446094,4.953431171905362,0.0045727350671621115,0.06555513452065176,-0.05298607992815452,0.0
2020-04-14,13578196,4929041591,354.0,368.5,353.5,365.5,14.0,8960,353.6,331.1,370.15833333333336,0.0,346.2768534250174,346.28535965626696,-0.008506231249555185,-5.527965471650927,5.519459240401372,0.03365384615384609,0.10389610389610382,-0.012584704743465704,0.0
2020-04-15,8890815,3253892664,370.0,370.5,363.5,365.5,0.0,5873,356.8,333.375,369.075,0.0,349.23431749221345,347.7182976122292,1.516019879984242,-4.119167693870535,5.635187573854777,0.024383408071748845,0.09636295463067117,-0.009686378107430709,0.0
2020-04-16,6871648,2491533020,361.0,365.5,360.5,361.5,-4.0,4174,358.8,335.675,367.81666666666666,0.0,351.12137629176254,348.7455575704915,2.3758187212710595,-2.820169888989969,5.195988610261029,0.007525083612040102,0.07693453489238099,-0.017173410666545822,0.0
2020-04-17,13317197,4923770465,379.0,379.0,363.0,368.0,6.5,8819,362.4,339.0,366.75,0.0,353.7181234028107,350.18007894604494,3.5380444567657605,-1.548526611148431,5.086571067914192,0.015452538631346642,0.0855457227138643,0.0034083162917518746,0.0
2020-04-20,5979488,2213219259,371.0,373.5,366.5,370.0,2.0,3799,366.1,343.8,365.8833333333333,0.0,356.2230566925309,351.6560967114436,4.5669599810873365,-0.3254289782305387,4.892388959317875,0.01065282709642168,0.07620709714950549,0.011251309615997834,0.0
2020-04-21,11421460,4098032604,367.0,367.0,352.0,353.5,-16.5,8627,363.7,346.425,364.84166666666664,0.0,355.8041207617631,351.79336027519713,4.010760486565971,0.541809093109288,3.468951393456683,-0.028045092108880915,0.020422890957638704,-0.03108654439140259,0.0
2020-04-22,12142371,4208265880,350.0,352.0,342.0,346.0,-7.5,9299,359.8,348.325,363.675,0.0,354.2957819028535,351.3622503944737,2.933531508379815,1.0201536548752093,1.9133778535046058,-0.038354641467481965,-0.006674800832555771,-0.04860108613459823,0.0
2020-04-23,8791011,3063268876,347.5,351.0,344.0,351.0,5.0,5965,357.7,349.375,362.5083333333333,0.0,353.78873495262496,351.3353028935,2.453432059124964,1.3068093734606236,1.1466226856643402,-0.018730779983226135,0.004651162790697674,-0.0317463966345601,0.0
2020-04-24,6025467,2112875917,351.0,353.0,348.0,348.5,-2.5,4076,353.8,350.075,361.30833333333334,0.0,352.97507855969764,351.1244535400239,1.8506250196737142,1.4155725141573372,0.435052505516377,-0.014980214810627505,-0.004499035920874066,-0.035449869686555814,0.0
2020-04-27,13194986,4820204264,357.0,374.0,355.5,372.0,23.5,9305,354.2,351.5,360.525,0.0,355.9020043488536,352.6764260408499,3.225578308003719,1.777573703425153,1.448004604578566,0.050254093732354635,0.05832147937411095,0.03182858331599757,0.0
2020-04-28,10769852,3988722587,374.5,375.0,363.5,375.0,3.0,7675,358.5,353.25,360.3833333333333,0.0,358.84017009571124,354.3356028343938,4.5045672613174474,2.3229724517634143,2.181594809554033,0.04602510460251046,0.06157112526539278,0.04055866438514547,0.0
2020-04-29,31507975,12411291051,400.0,400.0,386.5,398.0,23.0,21633,368.9,356.325,360.55,0.0,364.86478112041533,357.5801036676389,7.284677452776407,3.315313505472936,3.9693639473034708,0.07888316616969375,0.11695783343857437,0.10386908889197057,0.0
2020-04-30,22045679,9056156448,412.0,415.5,405.0,415.0,17.0,14050,381.7,360.7,361.1,0.0,372.5779153427298,361.8457256927509,10.73218964997892,4.7986887983608835,5.933500851618037,0.08724128897039563,0.15054061546991965,0.14926613126557733,0.0
2020-05-04,11748303,4709062700,404.0,405.0,398.0,399.5,-15.5,8589,391.9,363.975,361.25,0.0,376.7197852555992,364.6423958922432,12.07738936335602,6.254428961595657,5.822960401760362,0.01939270221995413,0.09760285733910289,0.10588235294117647,0.0
2020-05-05,7287899,2917832410,403.5,405.5,396.0,401.5,2.0,5685,397.8,367.0,361.59166666666664,0.0,380.5321343461682,367.3793529675924,13.15278137857581,7.634099483080233,5.518681895495577,0.00930115635997986,0.09400544959128065,0.1103685095987648,0.0
2020-05-06,10340772,4204073308,405.0,409.5,401.5,408.0,6.5,6072,404.4,370.05,362.025,0.0,384.757967673063,370.39519109174995,14.362776581313028,8.979834932448151,5.382941648864877,0.00890207715133537,0.10255370895824885,0.12699399212761556,0.0
2020-05-07,8184230,3379054800,412.0,415.0,411.0,411.0,3.0,5478,407.0,373.125,362.525,0.0,388.7952097548244,373.40934123703516,15.38586851778922,10.261041672153327,5.1248268456358925,0.009828009828009828,0.10150753768844221,0.13371491621267506,0.0
2020-05-08,6884964,2852857389,415.0,418.0,411.5,411.5,0.5,4489,406.3,376.125,363.05,0.0,392.2882590488119,376.2364179440065,16.051841104805362,11.419201575054064,4.632639529751298,0.012798424809254217,0.09405117979395147,0.13345269246660235,0.0
2020-05-11,6480940,2658770900,415.5,415.5,407.0,410.0,-1.5,4593,408.4,379.125,363.3833333333333,0.0,395.0131453354008,378.74197554207586,16.27116979332493,12.389595229681273,3.8815745636436567,0.00391772771792366,0.08143752060666007,0.12828509838095678,0.0
2020-05-12,5093041,2075357228,408.0,409.5,404.0,407.0,-3.0,3520,409.5,381.9,363.475,0.0,396.85727857649374,380.8386892300848,16.01858934640893,13.11539405959257,2.903195286816361,-0.006105006105006105,0.06572401152134073,0.11974688768140855,0.0
2020-05-13,11287740,4685732680,408.5,420.0,407.0,420.0,13.0,7564,411.9,384.625,363.6666666666667,0.0,400.4177001228299,383.74405192226726,16.67364820056264,13.827044892936804,2.846603307625834,0.01966496722505468,0.09197270068248294,0.15490375802016493,0.0
2020-05-14,8304088,3425799668,417.0,419.0,406.5,411.0,-9.0,6379,411.9,386.9,363.7583333333333,0.0,402.0457473665972,385.76592668676045,16.279820679836746,14.317600053156914,1.9622206266798319,-0.0021849963583393476,0.06228999741535287,0.129871022427894,0.0
2020-05-15,5826797,2391258070,414.0,415.5,404.5,411.0,0.0,4110,411.8,389.375,363.975,0.0,403.4233254887003,387.63761644431816,15.785709044382145,14.611221852761924,1.174487191620221,-0.0019426906265177545,0.055537720706260035,0.12919843395837619,0.0
2020-05-18,25672990,11420605156,452.0,452.0,436.5,440.5,29.5,16188,417.9,393.0,364.78333333333336,0.0,409.1274320411728,391.5581956766079,17.569236364564915,15.202824757314616,2.366411607250299,0.05407992342665715,0.12086513994910941,0.20756613514871833,0.0
2020-05-19,23381164,10775474986,462.5,464.0,458.0,462.0,21.5,14326,428.9,397.6,366.0083333333333,0.0,417.26167662189033,396.78208714209626,20.479589479794072,16.258177704938866,4.221411774855206,0.07717416647237124,0.16197183098591542,0.2622663418410328,0.0
2020-05-20,18969567,8904290369,467.0,479.0,464.0,470.0,8.0,12582,438.9,403.425,367.275,0.0,425.3752676666278,402.2113910384147,23.163876628213075,17.639317492868972,5.524559135344102,0.07085896559580776,0.16502447790791347,0.2796950513920088,0.0
2020-05-21,9455736,4403000074,470.0,472.0,460.5,464.5,-5.5,6202,449.6,409.35,368.55,0.0,431.3944590345671,406.82989483873064,24.564564195836454,19.024366836090095,5.540197359746358,0.03314056939501774,0.1347257847807499,0.26034459367792695,0.0
2020-05-22,15484024,6915073334,446.5,455.0,440.0,442.0,-22.5,10880,455.8,413.9,369.6333333333333,0.0,433.02608112941465,409.437457402437,23.58862372697763,19.937218215653047,3.651405511324583,-0.030276437033786772,0.06789079487798991,0.19577960140679956,0.0
2020-05-25,11364742,5164434635,451.5,460.0,449.0,460.0,18.0,7958,459.7,419.475,370.9916666666667,0.0,437.1759156795595,413.18598502638434,23.98993065317518,20.74776070414161,3.2421699490335705,0.0006525995214270424,0.09660885630848078,0.23992003414272556,0.0
2020-05-26,6684259,3099929881,460.0,468.0,458.0,460.0,0.0,4925,459.3,423.875,372.40833333333336,0.0,440.68731389576567,416.65639361923536,24.03092027653031,21.404392619257155,2.6265276572731544,0.0015240583496625051,0.08522559716897671,0.23520329387545025,0.0
2020-05-27,8859230,4103795784,465.0,466.0,459.5,464.5,4.5,5659,458.2,428.35,374.15,0.0,444.35080462044266,420.20292287453475,24.14788174590791,21.953090445013682,2.1947913008942272,0.013749454386730711,0.08439360336173685,0.24148068956300955,0.0
2020-05-28,10968535,5042125065,468.0,469.0,453.5,460.0,-4.5,7753,457.3,431.45,375.76666666666665,0.0,446.7583734488818,423.1528248972228,23.605548551659012,22.2835820665482,1.3219664851108135,0.0059042204242291466,0.06617220998957009,0.2241639315177859,0.0
2020-05-29,9592183,4434895676,460.0,467.0,453.5,463.0,3.0,5039,461.5,433.85,377.28333333333336,0.0,449.2570854969038,426.10629413305884,23.150791363844974,22.45702392609381,0.6937674377511627,0.0032502708559046588,0.06718912066382385,0.22719441622123066,0.0
2020-06-01,8808266,4094933126,468.0,470.0,460.0,461.5,-1.5,5843,461.8,436.95,378.8,0.0,451.14061097787766,428.7295523543429,22.411058623534757,22.447830865578343,-0.03677224204358609,-0.0006496318752707046,0.05618491818285848,0.2183210137275607,0.0
2020-06-02,17040745,8263201631,488.0,490.5,479.5,485.0,23.5,11511,466.8,441.125,380.46666666666664,0.0,456.3497481549019,432.89994496773755,23.44980318716432,22.648225329959324,0.8015778572049967,0.038988860325621225,0.09946160385378294,0.27475030664096733,0.0
2020-06-03,9783845,4795053535,492.0,493.5,487.0,490.0,5.0,6731,471.9,445.225,382.325,0.0,461.5267103172873,437.13165628484876,24.395054032438566,22.997591070544132,1.3974629618944334,0.038355583810129316,0.10056712897972929,0.2816321192702544,0.0
2020-06-04,8538190,4164028020,485.0,493.0,482.0,490.0,0.0,5735,477.9,449.175,384.3833333333333,0.0,465.9072166657969,441.04961097515684,24.85760569064007,23.369593994639096,1.4880116960009744,0.025319104415149663,0.09088885178382587,0.2747691106967871,0.0
2020-06-05,8958917,4427235038,493.0,497.5,491.0,494.0,4.0,5831,484.1,453.3,386.39166666666665,0.0,470.22918353586306,444.97351366746835,25.255669868394705,23.74680916945169,1.508860698943014,0.020450320181780574,0.08978601367747625,0.27849548170034727,0.0
2020-06-08,9669114,4816878316,495.5,505.0,493.0,494.5,0.5,6567,490.7,457.525,388.5833333333333,0.0,473.963155448171,448.6435726599384,25.319582788232594,24.06136389324888,1.2582188949837132,0.007744039127776669,0.08081525599694012,0.2725713060261635,0.0
2020-06-09,7942284,3924509580,491.0,499.5,487.5,497.5,3.0,5550,493.2,462.05,391.275,0.0,477.5842085780763,452.26387374300816,25.320334835068138,24.313158081638992,1.007176753429146,0.008718572587185749,0.076723298344335,0.27148425020765454,0.0
2020-06-10,6677972,3336974966,495.5,503.0,495.0,500.0,2.5,4723,495.2,466.05,393.925,0.0,481.0327919720156,455.80106501508516,25.23172695693046,24.496871856712612,0.7348551002178461,0.009693053311793239,0.07284626113077994,0.26927714666497427,0.0
2020-06-11,11175186,5609874256,500.0,509.0,496.0,496.5,-3.5,6813,496.5,470.325,396.8666666666667,0.0,483.41236249522854,458.8167339564214,24.595628538807148,24.51662319313284,0.07900534567430739,0.0,0.05565300590017544,0.2510498908113556,0.0
2020-06-12,12644920,6151832640,473.0,495.5,473.0,492.5,-4.0,7828,496.2,474.4,399.81666666666666,0.0,484.8104606014069,461.3125056686733,23.49795493273359,24.31288954104211,-0.8149346083085192,-0.007456670697299453,0.03815345699831371,0.23181458168327151,0.0
2020-06-15,7204482,3586931838,498.0,505.0,492.5,492.5,0.0,5822,495.8,477.0,403.0,0.0,485.9934666831494,463.62330337695875,22.370163306190648,23.92434429405522,-1.554180987864573,-0.006655909640984291,0.03249475890985325,0.22208436724565755,0.0
2020-06-16,11665647,5862318882,492.0,510.0,491.5,510.0,17.5,8554,498.3,479.4,406.93333333333334,0.0,489.68677955507053,467.05945816928835,22.62732138578218,23.66493971239175,-1.037618326609568,0.023479831426851273,0.0638297872340426,0.2532765399737877,0.0
2020-06-17,7132179,3630936522,511.0,516.0,505.0,510.0,0.0,4807,500.3,481.4,410.4166666666667,0.0,492.8118904313747,470.24096255337145,22.57092787800326,23.44613734550807,-0.8752094675048099,0.01938836697981209,0.05941005400914006,0.24263959390862938,0.0
2020-06-18,5601592,2864049135,515.0,515.0,508.0,513.0,3.0,4127,503.6,483.825,413.8333333333333,0.0,495.91775347441194,473.4089657322117,22.50878774220024,23.258667424842404,-0.7498796826421632,0.01866560762509924,0.0603007285692141,0.23962948046717686,0.0
2020-06-19,22189522,11989751968,520.0,560.0,518.0,546.0,33.0,15535,514.3,489.025,417.43333333333334,0.0,503.6227145465269,478.7871279507363,24.835586595790573,23.574051259037553,1.2615353367530204,0.061637176745090505,0.1165073360257656,0.30799329234209055,0.0
2020-06-22,17896887,10151518290,553.0,576.0,546.0,576.0,30.0,13403,531.0,494.825,421.4583333333333,0.0,514.7576816227398,485.98938162879494,28.76829999394488,24.61290100603356,4.155398987911319,0.0847457627118644,0.16404789572070938,0.36668314384577366,0.0
2020-06-23,16106824,9274502722,580.0,594.0,558.0,574.0,-2.0,12564,543.8,500.525,425.3,0.0,523.8718845077528,492.50977660055935,31.36210790719349,25.962742386280663,5.399365520912827,0.055535123207061506,0.1467958643424405,0.3496355513754996,0.0
2020-06-24,9137582,5259213560,572.0,584.0,568.0,580.0,6.0,7353,557.8,506.3,429.3,0.0,532.5069792451582,498.9915370832386,33.515442161919566,27.473282341421978,6.042159820497588,0.03979921118680539,0.14556587003752713,0.3510365711623573,0.0
2020-06-29,12360207,7025233756,566.0,576.0,563.0,565.0,-15.0,8848,568.2,511.55,433.10833333333335,0.0,537.505905537809,503.8817536582702,33.62415187953877,28.703456249054152,4.920695630484619,-0.005631819781767063,0.1044863649692112,0.30452350258788213,0.0
2020-06-30,9477547,5446853713,569.0,579.0,568.0,579.0,14.0,6474,574.8,517.35,437.3,0.0,543.8896124026478,509.4468066394721,34.44280576317573,29.85132615188505,4.591479611290676,0.007306889352818451,0.11916497535517537,0.32403384404299107,0.0
2020-07-01,7704668,4509588420,590.0,594.0,575.0,577.0,-2.0,6026,575.0,523.125,441.35,0.0,548.9835182033992,514.4513617623377,34.53215644106149,30.78749220972463,3.744664231336859,0.0034782608695652175,0.1029868578255675,0.30735244137305984,0.0
2020-07-02,6031098,3479994448,577.0,582.0,573.0,574.0,-3.0,4713,575.0,527.575,445.23333333333335,0.0,552.8322077211449,518.8628738641812,33.96933385696366,31.42386053917477,2.5454733177888897,-0.0017391304347826088,0.0879969672558403,0.2892116493224526,0.0
2020-07-03,8709502,5076814670,575.0,587.0,575.0,585.0,11.0,6503,576.0,532.325,449.2,0.0,557.7810988524761,523.762436340498,34.018662511978164,31.942820933736975,2.0758415782411888,0.015625,0.09895270746254628,0.3023152270703473,0.0
2020-07-06,7257983,4246965987,587.0,589.0,580.0,589.0,0.0,5745,580.8,537.275,453.19166666666666,414.2375,562.5840067307759,528.5953198266166,33.988686904159294,32.351994127822394,1.6366927763369006,0.014118457300275562,0.09627285840584435,0.29967085302392293,0.421889616463985
2020-07-07,19739242,12030718684,598.0,632.0,595.0,618.0,29.0,13788,588.6,543.475,457.6333333333333,415.7083333333333,571.1095441710039,535.2184868524374,35.89105731856648,33.059806765972546,2.8312505525939358,0.04994903160040771,0.13712682276093652,0.35042610532449564,0.48661922421569614
2020-07-08,23384399,15334797441,629.0,674.0,625.0,661.0,43.0,17451,605.4,551.8,462.81666666666666,417.59583333333336,584.9388450872539,544.5364151246919,40.402429962561996,34.52833140529264,5.874098557269356,0.09184010571522964,0.19789778905400518,0.4282113147754691,0.5828701994552148
2020-07-09,17228954,11275283916,661.0,663.0,640.0,651.0,-10.0,14157,620.8,559.475,467.80833333333334,419.4875,595.1020997013292,552.4232172281763,42.67888247315284,36.15844161886664,6.5204408542862,0.04864690721649492,0.1635908664372849,0.3915955608600388,0.5518936797878363
2020-07-10,17015547,10729476093,641.0,647.0,616.0,616.0,-35.0,13330,627.0,565.275,471.98333333333335,421.0708333333333,598.3171612889828,557.1329461817638,41.18421510721896,37.16359631653807,4.020618790680892,-0.017543859649122806,0.08973508469329092,0.30513083089092125,0.46293675846304566
2020-07-13,10446840,6560638360,626.0,639.0,618.0,629.0,13.0,8478,635.0,571.9,476.375,422.725,603.0375980177832,562.4567850407659,40.58081297701733,37.84703964863444,2.7337733283828882,-0.009448818897637795,0.09984262983038997,0.32038834951456313,0.48796498905908087
2020-07-14,9446920,5812727670,627.0,628.0,610.0,611.0,-18.0,7700,633.6,577.825,480.53333333333336,424.175,604.2625829390089,566.0527997597678,38.20978317924107,37.91958835475581,0.2901948244852619,-0.035669191919191955,0.057413576774975036,0.2715038845726969,0.44044321329639885
2020-07-15,14729162,8973203197,612.0,618.0,598.0,609.0,-2.0,11055,623.2,583.65,484.55,425.65,604.9914163334529,569.2342549059429,35.75716142751003,37.48710296930644,-1.7299415417964141,-0.022785622593068107,0.043433564636340315,0.2568362398101331,0.43075296605192065
2020-07-16,7417218,4474246018,601.0,612.0,599.0,599.0,-10.0,6190,612.8,588.1,488.3666666666667,427.125,604.0696599739836,571.4392411019526,32.63041887203099,36.51576614985096,-3.8853472778199745,-0.022519582245430738,0.018534262880462466,0.22653743771756193,0.40239976587649984
2020-07-17,8994459,5420967613,598.0,608.0,596.0,607.0,8.0,7114,611.0,592.95,492.59166666666664,428.71666666666664,604.5204815166448,574.0734999175825,30.446981599062383,35.30200923969286,-4.855027640630475,-0.006546644844517185,0.023695083902521213,0.23225795537209662,0.41585351630836226
2020-07-20,9008151,5388054902,609.0,611.0,590.0,601.0,-6.0,7345,605.4,597.35,496.84166666666664,430.2583333333333,603.9788689754221,576.0681455901884,27.910723385233723,33.82375206880066,-5.913028683566935,-0.007267922035018133,0.006110320582572992,0.20964089834118857,0.3968352346458523
2020-07-21,15777808,9951824696,612.0,643.0,612.0,637.0,36.0,12392,610.6,601.9,501.60833333333335,432.05833333333334,609.0590429807945,580.5818050936609,28.477237887133583,32.754449232467024,-4.277211345333441,0.04323616115296426,0.05831533477321818,0.2699151064077218,0.47433795590873146
2020-07-22,17852109,11827985376,659.0,670.0,651.0,664.0,27.0,13618,621.6,606.3,506.8666666666667,434.0875,617.5114979090663,586.7611699783271,30.750327930739218,32.3536249721214,-1.6032970413821843,0.06821106821106818,0.09516740887349505,0.3100092068920163,0.5296455207763413
2020-07-23,17793987,11920667659,658.0,687.0,653.0,677.0,13.0,13937,637.2,611.45,511.95,436.2375,626.6635751558779,593.4457674840656,33.21780767181224,32.52646151205959,0.6913461597526478,0.06246076585059628,0.1072041867691552,0.3223947651137807,0.5519069314307
2020-07-24,24419901,16795888977,677.0,703.0,670.0,675.0,-2.0,19725,650.8,616.2,516.95,438.6666666666667,634.0999482102309,599.4870223505072,34.612925859723646,32.94375438159244,1.6691714781312044,0.03718500307314082,0.09542356377799407,0.30573556436792715,0.5387537993920972
2020-07-27,21431219,15305966243,695.0,737.0,691.0,728.0,53.0,17615,676.2,624.35,522.45,441.5,648.5461100263611,609.0067948742777,39.53931515208342,34.26286653569074,5.276448616392678,0.07660455486542436,0.16601265315928562,0.3934347784476982,0.6489241223103058
2020-07-28,36378539,26105851132,741.0,763.0,680.0,680.0,-48.0,28746,684.8,629.4,526.8666666666667,443.98333333333335,653.385170022963,614.2657005242814,39.11946949868161,35.23418712828898,3.8852823703926305,-0.007009345794392457,0.08039402605656185,0.2906491205871188,0.5315890236119974
2020-07-29,14628939,9963495157,683.0,694.0,667.0,682.0,2.0,11816,688.4,634.65,531.575,446.4125,657.787451558398,619.2831883020073,38.504263256390686,35.88820235390936,2.6160609024813297,-0.009296920395119083,0.0746080516820295,0.28297982410760464,0.5277349984599444
2020-07-30,13796896,9398689156,686.0,694.0,670.0,683.0,1.0,10458,689.6,640.1,536.2666666666667,448.9291666666667,661.6663051651757,624.0030673315231,37.6632378336526,36.24320944985802,1.4200283837945804,-0.009570765661252933,0.06702077800343692,0.27362008950770766,0.5213981418746462
2020-07-31,15072563,10404919783,678.0,707.0,670.0,701.0,18.0,11281,694.8,645.9,541.15,451.5875,667.7176428325699,629.706672723864,38.01097010870592,36.59676158162761,1.4142085270783085,0.008923431203224015,0.08530732311503332,0.2953894483969325,0.5523016026794365
2020-08-03,25733096,18346505200,743.0,743.0,695.0,696.0,-5.0,18912,688.4,651.25,545.9,454.2125,672.0687747047853,634.6173923180148,37.45138238677043,36.76768574265618,0.6836966441142565,0.011040092969203984,0.06871401151631477,0.27495878366001103,0.5323224261771748
2020-08-04,19275303,13831395469,703.0,732.0,700.0,732.0,36.0,15575,698.8,656.95,551.2416666666667,457.1458333333333,681.2889632122847,641.8310585805814,39.457904631703286,37.30572952046561,2.152175111237675,0.04751001717229543,0.1142400487099474,0.32791123070643546,0.601239575263182
2020-08-05,13153226,9617048441,735.0,739.0,722.0,730.0,-2.0,11020,708.4,660.4,556.575,459.9791666666667,688.7829688723068,648.3622084483001,40.420760424006744,37.92873570117385,2.4920247228328947,0.030491247882552263,0.10539067231980621,0.31159322642950177,0.5870283980252728
2020-08-06,12890678,9525236974,736.0,753.0,730.0,732.0,2.0,10579,718.2,664.45,561.9916666666667,462.73333333333335,695.4317428922325,654.5577033301613,40.874039562071175,38.517796473353314,2.3562430887178607,0.019214703425229678,0.10166302957333125,0.3025104168211272,0.5819046246938481
2020-08-07,14627882,10442868630,730.0,736.0,704.0,705.0,-27.0,11960,719.0,668.9,566.7416666666667,465.20416666666665,696.9037824473263,658.2942272209137,38.60955522641257,38.536148223965164,0.07340700244740361,-0.019471488178025034,0.053969203169382605,0.243953006219765,0.5154636405162608
2020-08-10,11142754,7852221586,696.0,714.0,696.0,706.0,1.0,8617,721.0,672.75,571.6583333333333,467.7083333333333,698.3032005323952,661.8280384942535,36.47516203814166,38.12395098680046,-1.6487889486587974,-0.020804438280166437,0.04942400594574508,0.23500342570591415,0.509487750556793
2020-08-11,9919208,6937393600,698.0,708.0,691.0,693.0,-13.0,7588,713.2,676.85,576.3583333333333,470.1666666666667,697.4873235273905,664.1371031284966,33.35022039889384,37.16920486921913,-3.81898447032529,-0.02832305103757718,0.02386053039816795,0.20237699347917235,0.4739454094292803
2020-08-12,11143131,7593118866,684.0,690.0,674.0,680.0,-13.0,9131,703.2,680.4,580.35,472.56666666666666,694.7969660615798,665.3121468734148,29.484819188165034,35.6323277330083,-6.147508544843269,-0.032992036405005754,-0.0005878894767783323,0.1717067286981993,0.43895041264019186
2020-08-13,11410405,7843859640,700.0,702.0,671.0,684.0,4.0,8500,693.6,684.65,584.05,475.02916666666664,693.1358943597679,666.6964479402134,26.439446419554542,33.79375147031754,-7.354305050762996,-0.013840830449827021,-0.0009493901993719087,0.1711326085095455,0.43991158437639805
2020-08-14,9672925,6534060700,670.0,683.0,670.0,680.0,-4.0,7620,688.6,688.3,587.55,477.4125,691.114987535157,667.6819065566411,23.433080978515818,31.721617371957187,-8.288536393441369,-0.012489108335753736,-0.012058695336335835,0.15734831078206118,0.4243447752205901
2020-08-17,6056362,4133827694,684.0,689.0,677.0,685.0,5.0,4901,684.4,692.5,591.225,479.8875,690.1742202220436,668.9647407270812,21.209479494962352,29.619189796558214,-8.409710301595862,0.000876680303915872,-0.010830324909747292,0.15861135777411303,0.4274178843999896
2020-08-18,42389663,26292418734,617.0,642.0,617.0,617.0,-68.0,29380,669.2,691.5,594.1416666666667,481.8875,678.916647880066,665.115466127697,13.801181752368961,26.455588187720355,-12.654406435351394,-0.07800358637178727,-0.10773680404916848,0.038472867021052806,0.28038183185909576
2020-08-19,23597107,14523241377,618.0,626.0,605.0,609.0,-8.0,16757,655.0,688.75,596.625,483.80833333333334,668.1602405138011,660.9587303915218,7.201510122279274,22.604772574632133,-15.403262452352859,-0.07022900763358779,-0.11578947368421053,0.020741671904462602,0.25876293986943866
2020-08-20,34547307,19914507343,603.0,611.0,551.0,565.0,-44.0,25051,631.2,683.15,598.375,485.39166666666665,652.2894342807826,653.8506215969912,-1.5611873162085885,17.771580596463984,-19.332767912672573,-0.10487959442332072,-0.17294883993266483,-0.0557760601629413,0.16400844678695903
2020-08-21,21528784,12783058888,583.0,606.0,581.0,604.0,39.0,16027,616.0,679.6,600.7,487.425,644.8602905452278,650.1579566525571,-5.297666107329292,13.157731255705324,-18.455397363034614,-0.01948051948051948,-0.1112419070041201,0.00549359081072075,0.23916499974355027
2020-08-24,14910954,8782716860,599.0,600.0,583.0,585.0,-19.0,10811,596.0,672.45,602.7833333333333,489.275,635.6510150766788,645.3314095063245,-9.680394429645617,8.590106118635132,-18.27050054828075,-0.018456375838926176,-0.13004684363149682,-0.02950203223933415,0.19564661999897814
2020-08-25,9904789,5827153088,592.0,594.0,584.0,589.0,4.0,7028,590.4,667.9,604.8833333333333,491.0833333333333,628.4739358340784,641.1586870191537,-12.684751185075356,4.3351346578930325,-17.01988584296839,-0.002371273712737089,-0.11813145680491088,-0.026258507150139134,0.1993891057186493
2020-08-26,10781130,6225606530,585.0,586.0,573.0,578.0,-11.0,8424,584.2,662.7,606.825,492.8125,620.7087149364962,636.4802392995523,-15.771524363056074,0.31380285370321004,-16.085327216759282,-0.010612803834303398,-0.12781047231024603,-0.04750133893626671,0.17285986049461002
2020-08-27,15405596,8699815356,583.0,586.0,555.0,558.0,-20.0,11910,582.8,656.45,608.0416666666666,494.25416666666666,611.0612203308482,630.6668577981667,-19.605637467318502,-3.6700852105011337,-15.935552256817369,-0.042553191489361625,-0.14997334145784147,-0.08229973274857803,0.1289737904755482
2020-08-28,13150295,7431101510,558.0,575.0,553.0,574.0,16.0,9934,576.8,650.1,609.4416666666667,495.8833333333333,605.3594941260857,626.4692924234593,-21.109798297373572,-7.158027827875622,-13.951770469497951,-0.0048543689320387565,-0.11705891401322877,-0.05815432157849406,0.15753033307565625
2020-08-31,17151699,9604529440,580.0,583.0,552.0,556.0,-18.0,11460,571.0,643.1,610.5416666666666,497.4625,597.7657257989769,621.2493214014145,-23.483595602437617,-10.423141382788023,-13.060454219649595,-0.02626970227670753,-0.13543772352666775,-0.08933324233945261,0.1176721863457045
2020-09-01,11319355,6433047190,559.0,577.0,553.0,576.0,20.0,8040,568.4,635.3,611.9083333333333,499.15,594.4171525991272,617.8975058827767,-23.480353283649492,-13.034583762960317,-10.445769520689176,0.013370865587614397,-0.09334172831733033,-0.058682536872352836,0.15396173494941406
2020-09-02,18844801,11280884998,605.0,609.0,590.0,596.0,20.0,12899,572.0,628.6,613.6,501.09166666666664,594.6606675838774,616.275462166679,-21.61479458280155,-14.750625926928565,-6.8641686558729855,0.04195804195804196,-0.051861279032771275,-0.028683181225554143,0.1894031364853404
2020-09-03,13567883,8257205598,614.0,615.0,598.0,603.0,7.0,9148,581.0,622.15,615.3583333333333,503.31666666666666,595.9436418017443,615.2920910941217,-19.34844929237738,-15.67019060001833,-3.6782586923590515,0.0378657487091222,-0.030780358434461107,-0.02008314938450499,0.19805291565945893
2020-09-04,13800424,8238699944,589.0,610.0,582.0,603.0,0.0,10195,586.8,617.05,617.075,505.5,597.0292353707081,614.3815628232153,-17.35232745250721,-16.006617970516107,-1.3457094819911042,0.027607361963190264,-0.022769629689652307,-0.022809220921281927,0.19287833827893175
2020-09-07,7096189,4261503400,608.0,613.0,593.0,598.0,-5.0,5150,595.2,611.65,618.7666666666667,507.81666666666666,597.1785837752147,613.1681100175109,-15.989526242296165,-16.003199624872117,0.013673382575952076,0.00470430107526874,-0.0223166843783209,-0.0335613855519043,0.17759033772030589
2020-09-08,6683057,4042322428,602.0,614.0,598.0,604.0,6.0,4994,600.8,607.2,620.625,510.22083333333336,598.2280324251827,612.488988835616,-14.260956410433323,-15.654750981984359,1.3937945715510356,0.005326231691078638,-0.0052700922266140406,-0.02678751258811682,0.1838011318628371
2020-09-09,10536718,6239805210,594.0,599.0,586.0,595.0,-9.0,6741,600.6,602.95,622.3333333333334,512.6666666666666,597.7314120520773,611.1935047874928,-13.462092735415467,-15.216219332670581,1.754126597255114,-0.009324009324009362,-0.013185172899908856,-0.04392072844134982,0.16059817945383623
2020-09-10,7308603,4393136800,601.0,607.0,598.0,599.0,4.0,5081,599.8,598.7,623.8166666666667,515.375,597.926579428681,610.2902800198304,-12.363700591149495,-14.645715584366366,2.2820149932168707,-0.0013337779259752494,0.0005010856856521705,-0.039781987229153944,0.1622604899345137
2020-09-11,7837495,4650879020,598.0,603.0,586.0,595.0,-4.0,5736,598.2,594.45,625.2333333333333,517.825,597.4763364396529,609.157664141316,-11.681327701663122,-14.052838007825718,2.3715103061625964,-0.005349381477766708,0.0009252249978971394,-0.04835528069520714,0.14903683676917867
2020-09-14,8675428,5233147652,596.0,610.0,589.0,609.0,14.0,6491,600.4,590.65,626.8333333333334,520.3333333333334,599.2492077566301,609.1459852917469,-9.896777535116826,-13.22162591328394,3.3248483781671148,0.014323784143904103,0.03106746804368073,-0.028449880350970545,0.1704035874439461
2020-09-15,8056558,4920099488,609.0,614.0,603.0,611.0,2.0,5673,601.8,590.35,627.9166666666666,522.675,601.0570219479185,609.283319979015,-8.226298031096462,-12.222560336846445,3.9962623057499833,0.015287470920571694,0.034979249597696244,-0.026940942269409365,0.16898646386377777
2020-09-16,10738991,6671065386,618.0,628.0,616.0,617.0,6.0,7563,606.2,590.75,628.6,525.0291666666667,603.5097878020857,609.8549269255831,-6.345139123497347,-11.047076094176626,4.701936970679279,0.017815902342461158,0.04443504020313161,-0.018453706649697775,0.17517280785988074
2020-09-17,12572944,7541286456,610.0,611.0,593.0,599.0,-18.0,9393,606.2,592.45,629.0166666666667,527.1583333333333,602.8159742940724,609.0508569370827,-6.234882643010337,-10.084637403943368,3.849754760933031,-0.011877268228307564,0.011055785298337334,-0.04771998622188069,0.1362810034935741
2020-09-18,11402876,6880435732,599.0,611.0,591.0,611.0,12.0,7318,609.4,592.8,629.5333333333333,529.4166666666666,604.0750551719077,609.1952381253934,-5.12018295348571,-9.091746513851836,3.9715635603661266,0.0026255333114539267,0.03070175438596499,-0.02943979667478551,0.15410042499606494
2020-09-21,8306351,5127267604,614.0,624.0,610.0,616.0,5.0,6436,610.8,594.35,630.3833333333333,531.7458333333333,605.9096620685376,609.6992952739321,-3.789633205394466,-8.031323852160362,4.241690646765896,0.008513425016372046,0.036426348111382144,-0.022816804589799844,0.15844819345081856
2020-09-22,7641728,4636982822,614.0,615.0,602.0,603.0,-13.0,5330,609.2,595.05,630.7833333333333,534.0416666666666,605.462021750301,609.2030505292649,-3.741028778963937,-7.173264837521077,3.43223605855714,-0.010177281680893048,0.013360221830098388,-0.044045763204481156,0.12912538035421714
2020-09-23,6545842,4023666830,609.0,619.0,609.0,617.0,14.0,5378,609.2,597.0,631.45,536.4,607.237095327178,609.7806030427,-2.5435077155219687,-6.2473134131212555,3.703805697599287,0.012803676953381408,0.03350083752093802,-0.022883838783751755,0.1502609992542879
2020-09-24,8632965,5233787930,606.0,616.0,600.0,600.0,-17.0,6797,609.4,599.1,631.8833333333333,538.5583333333333,606.1236960460736,609.0561131144644,-2.932417068390805,-5.584334144175166,2.651917075784361,-0.015425008204791561,0.001502253380070067,-0.050457626671590206,0.11408544416420392
2020-09-25,9004337,5347702520,605.0,608.0,581.0,585.0,-15.0,6153,604.2,599.65,631.8833333333333,540.5416666666666,602.8738966543697,607.2741769559874,-4.400280301617727,-5.347523375663679,0.9472430740459519,-0.03177755710029799,-0.024430918035520683,-0.07419618600480045,0.08224774531719733
2020-09-28,8878900,5283154209,583.0,607.0,581.0,603.0,18.0,5669,601.6,602.0,632.1166666666667,542.6541666666667,602.8932971690821,606.9575709505837,-4.0642737815015835,-5.09087345683126,1.0265996753296767,0.0023271276595744302,0.0016611295681063123,-0.04606217206739263,0.11120495711664113
2020-09-29,6297334,3838339406,606.0,614.0,606.0,610.0,7.0,4160,603.0,603.7,631.9833333333333,544.8083333333333,603.9866360661464,607.1829362663511,-3.196300200204746,-4.711958805505957,1.515658605301211,0.011608623548922056,0.010435646844459093,-0.034784672591576804,0.11965981920247193
2020-09-30,6064893,3709483144,615.0,618.0,607.0,607.0,-3.0,3930,601.0,604.25,631.0833333333334,546.95,604.4502305175085,607.1693854206163,-2.7191549031077784,-4.313398025026322,1.5942431219185433,0.009983361064891847,0.004551096400496483,-0.038161890928297956,0.10979065728128705
2020-10-05,5000804,3065861440,614.0,617.0,610.0,611.0,4.0,3718,603.2,604.65,630.4166666666666,549.1125,605.4578873609688,607.4531348656828,-1.9952475047140297,-3.8497679209638633,1.8545204162498337,0.012931034482758544,0.01050194327296787,-0.030799735624586856,0.11270459149992042
2020-10-06,3949603,2430698845,618.0,619.0,612.0,615.0,4.0,2936,609.2,605.25,630.4,551.1916666666667,606.9259046900506,608.0121623084568,-1.0862576184061936,-3.2970658604523293,2.2108082420461357,0.009520682862770772,0.0161090458488228,-0.02442893401015225,0.11576432880274545
2020-10-07,17770203,11356350935,617.0,658.0,613.0,647.0,32.0,13775,618.0,607.7,630.7,553.5375,613.0911501223508,610.9001521788273,2.1909979435234845,-2.1994530996571666,4.390451043180651,0.04692556634304207,0.06467006746750033,0.025844299984144527,0.1688458324865072
2020-10-08,15705367,10500532887,660.0,677.0,650.0,670.0,23.0,12010,630.0,611.0,631.6833333333333,556.1083333333333,621.8463577958355,615.277921341361,6.568436454474522,-0.44587518883082833,7.0143116433053505,0.06349206349206349,0.09656301145662848,0.06065803013113119,0.20480122278333054
2020-10-12,22052450,15693779250,710.0,722.0,699.0,714.0,44.0,15294,651.4,616.95,633.4333333333333,558.9916666666667,636.0238412118612,622.590672018636,13.433169193225126,2.3299336875803633,11.103235505644763,0.09610070617132334,0.15730610260150732,0.1271904436141663,0.27729990011777156
2020-10-13,7971165,5579824814,712.0,712.0,693.0,699.0,-15.0,6971,669.0,621.95,635.1,561.7333333333333,645.7124810254211,628.250625184895,17.46185584052614,5.35631811816952,12.10553772235662,0.04484304932735426,0.12388455663638548,0.1006140765233821,0.24436268692143362
2020-10-14,6302855,4356676095,692.0,698.0,687.0,689.0,-10.0,4890,683.8,626.65,636.4666666666667,564.5291666666667,652.3720993292026,632.7505810431983,19.62151828600429,8.209358151736476,11.412160134267813,0.007604562737642652,0.09949732705657069,0.08253901749240594,0.22048609829725355
2020-10-15,7045919,4902792771,693.0,707.0,689.0,689.0,0.0,5800,692.2,630.65,637.9333333333333,567.3875,658.0071609708639,636.9172065285919,21.08995444227196,10.785477409843574,10.304477032428386,-0.0046229413464317325,0.09252358677554907,0.08005016198139836,0.21433764402634875
2020-10-16,5020630,3454686400,689.0,695.0,680.0,680.0,-9.0,4254,694.2,634.1,638.65,570.1291666666667,661.3906746676541,640.1085258818679,21.282148785786262,12.884811685032115,8.397337100754147,-0.020455200230481193,0.07238605898123321,0.06474594848508576,0.19271217779596717
2020-10-19,3933553,2717806676,683.0,695.0,683.0,692.0,12.0,3358,689.8,637.85,639.1166666666667,572.9916666666667,666.0998016418612,643.9523402497917,22.14746139206943,14.737341626439582,7.410119765629849,0.0031893302406495296,0.08489456768832794,0.08274441286150154,0.20769644701057313
2020-10-20,4936501,3403891195,688.0,697.0,683.0,697.0,5.0,3773,689.4,642.75,639.45,575.7,670.8536783123442,647.881797919292,22.971880393052174,16.384249379762103,6.587631013290071,0.011024078909196437,0.08440295604823025,0.08999921807803574,0.21070001737015798
2020-10-21,5171741,3610215031,704.0,710.0,687.0,691.0,-6.0,4410,689.8,646.75,639.7166666666667,578.3333333333334,673.9531124181375,651.0757398615734,22.87737255656407,17.682874015122497,5.194498541441572,0.0017396346767179552,0.06841901816776189,0.080165698356043,0.1948126801152737
2020-10-22,5130155,3539705240,688.0,696.0,685.0,688.0,-3.0,4019,689.6,650.35,639.05,580.75,676.1141720461163,653.8108710727095,22.303300973406863,18.60695940677937,3.696341566627492,-0.002320185614849221,0.05789190435919117,0.07659807526797598,0.18467498923805423
2020-10-23,4854113,3314929066,689.0,694.0,678.0,678.0,-10.0,4192,689.2,654.1,639.0166666666667,582.9416666666667,676.404299423637,655.602658904425,20.801640519212015,19.0458956292659,1.755744889946115,-0.016250725478816085,0.03653875554196603,0.06100519026629459,0.16306663045187472
2020-10-26,4340545,2941638788,680.0,686.0,672.0,674.0,-4.0,4215,685.6,656.95,638.8833333333333,585.2291666666666,676.034407204616,656.9654252662704,19.068981938345587,19.050512891081837,0.01846904726374987,-0.016919486581096883,0.025953268894131902,0.054965695353872655,0.15168559325050734
2020-10-27,6628379,4519508301,674.0,688.0,672.0,685.0,11.0,5167,683.2,661.2,638.9166666666666,587.5916666666667,677.4137291731365,659.0420609322925,18.371668240843974,18.914743961034265,-0.5430757201902914,0.0026346604215456005,0.03599516031457948,0.07212729881309515,0.1657755527506346
2020-10-28,6124573,4181870597,685.0,689.0,675.0,681.0,-4.0,5075,681.2,666.0,638.5833333333334,589.8666666666667,677.9654631465002,660.6685753003278,17.296887846172353,18.591172738061882,-1.2942848918895287,-0.00029359953024081834,0.02252252252252252,0.066423071903954,0.15449819168173598
2020-10-29,4542886,3076287992,670.0,687.0,666.0,684.0,3.0,4286,680.4,670.05,638.3833333333333,592.1416666666667,678.893853431654,662.3968293389398,16.497024092714128,18.172343008992332,-1.6753189162782043,0.0052910052910053245,0.02081934184016125,0.07145654387384802,0.15512898095894848
2020-10-30,6389520,4326277336,678.0,682.0,670.0,678.0,-6.0,4816,680.4,673.45,637.4833333333333,594.3625,678.7563375190917,663.5526199794365,15.203717539655258,17.57861791512492,-2.374900375469661,-0.003527336860670161,0.006756255104313541,0.06355721718214853,0.14071799617236963
2020-11-02,14039866,9335843532,690.0,690.0,650.0,653.0,-25.0,11901,676.2,675.75,636.2,596.3875,674.793824054616,662.7709442869111,12.022879767704922,16.46747028564092,-4.444590517936,-0.03430937592428282,-0.03366629670736219,0.026406790317510143,0.0949256984762423
2020-11-03,8279509,5523878468,661.0,676.0,660.0,665.0,12.0,11086,672.2,678.45,635.0833333333334,598.5375,673.2870818923674,662.936059552005,10.35102234036242,15.24418069658522,-4.8931583562228,-0.010711097887533539,-0.019824600191613303,0.04710667891352835,0.11104149698222747
2020-11-04,9310114,6274340491,671.0,685.0,661.0,677.0,12.0,9508,671.4,681.55,634.6166666666667,600.6791666666667,673.8583000627723,663.9778330767671,9.880466986005217,14.17143795446922,-4.290970968464002,0.00834078045874296,-0.006675959210622778,0.0667857236652047,0.1270575667820453
2020-11-05,11771407,8117648877,685.0,696.0,679.0,696.0,19.0,9961,673.8,684.0,634.45,603.0541666666667,677.2647154377304,666.3498457750671,10.91486966266325,13.520124296108024,-2.6052546334447744,0.03294746215494219,0.017543859649122806,0.09701316100559532,0.15412518223211014
2020-11-06,7383559,5156129124,701.0,704.0,692.0,700.0,4.0,6770,678.2,685.5,634.5666666666667,605.4625,680.7624515242334,668.8424501163372,11.920001407896166,13.200099718465653,-1.2800983105694872,0.03214391035092886,0.021152443471918306,0.10311498660503221,0.15614096661642962
2020-11-09,6643292,4667880620,710.0,714.0,693.0,702.0,2.0,5899,688.0,684.9,634.9333333333333,607.6416666666667,684.0297666743513,671.2985652186977,12.731201455653604,13.106320065903246,-0.37511861024964155,0.020348837209302327,0.02496714848883052,0.10562788744225125,0.15528614726332682
2020-11-10,6061984,4182276658,702.0,702.0,681.0,686.0,-16.0,6312,692.2,684.25,634.9666666666667,609.5083333333333,684.332879493682,672.3875605092694,11.945318984412552,12.874119849605107,-0.9288008651925548,-0.00895694885871142,0.0025575447570332483,0.08037167305370356,0.12549732708057043
2020-11-11,8075443,5436057097,662.0,682.0,662.0,676.0,-10.0,7507,692.0,683.6,634.9,611.225,683.0508980331155,672.6551486473571,10.395749385758336,12.378445756835754,-1.9826963710774184,-0.023121387283236993,-0.011117612638970192,0.06473460387462596,0.10597570452779251
2020-11-12,4845993,3271112494,677.0,683.0,671.0,673.0,-3.0,4385,687.4,682.8,634.7,612.9625,681.5046060280207,672.6806931944425,8.82391283357822,11.667539172184249,-2.843626338606029,-0.02094850160023273,-0.014352665495020438,0.060343469355601,0.09794644860003675
2020-11-13,4707048,3159429474,671.0,677.0,667.0,675.0,2.0,3865,682.4,682.55,635.6666666666666,614.9041666666667,680.5038974083252,672.8524937137848,7.651403694540363,10.864312076655473,-3.21290838211511,-0.01084407971864006,-0.011061460698849836,0.06187729417933934,0.09773203141410919
2020-11-16,6340597,4358490909,685.0,695.0,681.0,694.0,19.0,5967,680.8,682.65,637.0833333333334,616.8541666666666,682.5802208839674,674.418975789467,8.161245094500373,10.323698680224453,-2.16245358572408,0.019388954171562934,0.01662638248004105,0.08933943754087632,0.12506332534026823
2020-11-17,6537087,4557362547,701.0,703.0,691.0,696.0,2.0,5665,682.8,682.6,639.2666666666667,618.8208333333333,684.644802286434,676.0175702969051,8.627231989528923,9.984405342085347,-1.3571733525564245,0.019332161687170543,0.019630823322590064,0.0887475232036709,0.12471972905458635
2020-11-18,21267800,15274889320,702.0,728.0,701.0,728.0,32.0,18619,693.2,684.45,641.3333333333334,621.0166666666667,691.3148327039057,679.8681209162013,11.44671178770443,10.276866631209165,1.1698451564952652,0.05020196191575296,0.06362773029439689,0.13513513513513506,0.17227127559646818
2020-11-19,9175800,6716017917,732.0,738.0,727.0,733.0,5.0,8347,705.2,686.7,643.8,623.2916666666666,697.7279353648432,683.803815919547,13.924119445296242,11.00631719402658,2.917802251269661,0.0394214407260351,0.06742391146060864,0.13855234544889725,0.17601443946787895
2020-11-20,11660336,8660917741,732.0,754.0,723.0,747.0,14.0,10207,719.6,690.15,646.4333333333333,625.6583333333333,705.3082530010213,688.4850150226961,16.82323797832521,12.169701350886308,4.653536627438902,0.03807670928293493,0.08237339708758969,0.1555715979992782,0.19394238069233746
2020-11-23,7122453,5317595635,754.0,758.0,738.0,743.0,-4.0,7131,729.4,693.6,649.1833333333333,628.0041666666667,711.1069833085564,692.5231622835938,18.583821024962617,13.452525285701574,5.131295739261043,0.01864546202358106,0.07122260668973468,0.14451490334009406,0.1831131693659144
2020-11-24,5788982,4298264456,752.0,752.0,734.0,742.0,-1.0,5581,738.6,696.45,652.25,630.1458333333334,715.85975510724,696.1881134150848,19.671641692155163,14.696348566992294,4.975293125162869,0.004603303547251526,0.065403115801565,0.13760061326178613,0.17750520712797957
2020-11-25,7168939,5251824639,746.0,748.0,724.0,724.0,-18.0,7386,737.8,698.6,654.75,632.0958333333333,717.1121004753569,698.2482532607648,18.863847214592056,15.529848296512247,3.333998918079809,-0.01870425589590669,0.036358431148010274,0.1057655593738068,0.14539593811592394
2020-11-26,3674272,2682388406,733.0,737.0,725.0,730.0,6.0,3525,737.2,700.9,657.65,634.0958333333333,719.094854248379,700.6002346049899,18.494619643389115,16.12280256588762,2.3718170775014933,-0.009766684753119974,0.041518048223712405,0.11001292480802863,0.15124553990918835
2020-11-27,3520339,2551171068,725.0,731.0,721.0,725.0,-5.0,3789,732.8,703.25,660.1333333333333,636.0208333333334,720.0033382101669,702.4076247084495,17.595713501717455,16.41738475305359,1.1783287486638656,-0.010644104803493388,0.030927835051546393,0.09826297717632802,0.1398997674342428
2020-11-30,14282872,10101719632,711.0,718.0,703.0,704.0,-21.0,11498,725.0,705.8,661.9333333333333,637.7666666666667,717.5412861778336,702.5255784382333,15.015707739600316,16.137049350362936,-1.1213416107626202,-0.028965517241379312,-0.0025502975347123187,0.0635512136166785,0.10385198348403285
2020-12-01,8546033,5967592057,700.0,708.0,693.0,697.0,-7.0,8994,716.0,707.4,663.5,639.4291666666667,714.3810883043208,702.1162763172914,12.264811987029361,15.362601877696221,-3.09778989066686,-0.02653631284916201,-0.014701724625388716,0.050489826676714394,0.09003473149879775
2020-12-02,8951519,6324640621,706.0,717.0,695.0,712.0,15.0,7919,713.6,709.15,665.3166666666667,641.1958333333333,714.014767026733,702.8484040213517,11.1663630053813,14.523354103233237,-3.356991097851937,-0.0022421524663677446,0.0040188958612423645,0.07016708835391659,0.1104251821141487
2020-12-03,7043862,4953838001,715.0,715.0,698.0,700.0,-12.0,7128,707.6,709.35,667.0166666666667,642.8916666666667,711.8586490226203,702.6374111245143,9.221237898105983,13.462930862207786,-4.241692964101803,-0.010740531373657465,-0.013181081271586695,0.049449039254391466,0.08883041466291627
2020-12-04,5447920,3824994925,700.0,707.0,696.0,705.0,5.0,5563,703.6,709.6,668.7,644.6625,710.8034722499094,702.8124177127733,7.991054537136165,12.368555597193462,-4.3775010600572966,0.0019897669130187283,-0.0064825253664036395,0.054284432480933086,0.09359548601012153
2020-12-07,5507847,3860949678,705.0,708.0,695.0,704.0,-1.0,5571,703.6,709.7,670.5166666666667,646.425,709.7567842114618,702.9003867733621,6.856397438099634,11.266123965374698,-4.409726527275064,0.0005685048322910421,-0.008031562632098133,0.04993661604235542,0.08906679042425657
2020-12-08,10092358,7250849121,703.0,731.0,702.0,730.0,26.0,10065,710.2,711.9,672.7,648.2583333333333,712.8711251020061,704.9077655789763,7.963359523029794,10.605571076905719,-2.6422115538759243,0.027879470571669885,0.025424919230228996,0.08517912888360332,0.12609427825841038
2020-12-09,7934850,5851551385,735.0,746.0,730.0,734.0,4.0,7950,714.6,714.8,675.0166666666667,650.125,716.121721240159,707.0627459542568,9.058975285902193,10.296251918705014,-1.2372766328028213,0.02714805485586339,0.02686066032456638,0.0873805585047283,0.12901365122091907
2020-12-10,7890093,5635221751,730.0,730.0,706.0,709.0,-25.0,8877,716.4,716.6,676.6833333333333,651.7583333333333,715.0260718185962,707.2062462568886,7.819825561707603,9.800966647305533,-1.9811410855979297,-0.010329424902289193,-0.010605637733742705,0.04775744439792132,0.08782652056616078
2020-12-11,7743157,5496198310,720.0,722.0,701.0,707.0,-2.0,7305,716.8,718.2,678.2833333333333,653.1,713.7912915388121,707.1909687560878,6.60032278272422,9.160837874389271,-2.560515091665051,-0.013671874999999938,-0.015594541910331446,0.042337273017667196,0.08252947481243297
2020-12-14,3923653,2760735687,706.0,710.0,699.0,702.0,-5.0,4288,716.4,718.6,679.7,654.15,711.9772466866872,706.806452545163,5.170794141524198,8.362829127816257,-3.192034986292059,-0.020100502512562783,-0.023100473142221016,0.03280859202589371,0.07314836046778266
2020-12-15,5126489,3590787610,702.0,706.0,696.0,701.0,-1.0,5345,710.6,718.85,681.4,655.2083333333334,710.28843950412,706.376344942213,3.912094561906997,7.472682214634404,-3.560587652727407,-0.01350971010413738,-0.024831327815260516,0.028764308776049345,0.06988871224165336
2020-12-16,6278334,4431853093,711.0,714.0,701.0,701.0,0.0,5293,704.0,717.5,682.9,656.2166666666667,708.8594488111784,705.9780971627041,2.881351648474265,6.554416101402377,-3.673064452928112,-0.004261363636363636,-0.022996515679442508,0.02650461268121251,0.0682447362405709
2020-12-17,6085006,4282246143,703.0,711.0,699.0,704.0,3.0,4691,703.0,716.05,684.3666666666667,657.375,708.1118413017662,705.8315714449002,2.2802698568659707,5.699586852495096,-3.419316995629125,0.001422475106685633,-0.016828433768591517,0.02868832497199356,0.0709260315649363
2020-12-18,4932935,3459200259,704.0,708.0,699.0,699.0,-5.0,4147,701.4,713.65,685.9666666666667,658.375,706.7100195630329,705.3255291090993,1.3844904539336085,4.836567572782799,-3.45207711884919,-0.003421727972626144,-0.020528270160442764,0.018999951406773852,0.061704955382570724
2020-12-21,5459098,3818331402,698.0,708.0,689.0,708.0,9.0,4791,702.6,711.9,687.4833333333333,659.4666666666667,706.9084780917971,705.5236380663548,1.3848400254422586,4.14622206331469,-2.7613820378724316,0.007685738684884681,-0.005478297513695712,0.0298431477126718,0.07359482410028301
2020-12-22,6455645,4599270877,708.0,722.0,703.0,703.0,-5.0,5998,703.0,709.95,689.2,660.5416666666666,706.3071737699821,705.3367019112173,0.9704718587647676,3.5110720224047056,-2.540600163639938,0.0,-0.009789421790266983,0.020023215322112528,0.06427805462688456
2020-12-23,5391073,3853814191,708.0,722.0,705.0,720.0,17.0,5207,706.8,709.75,691.45,661.6666666666666,708.4137624207541,706.422872151175,1.9908902695790403,3.2070356718395727,-1.2161454022605325,0.018675721561969505,0.014441704825642832,0.04129004266396696,0.08816120906801014
2020-12-24,3363422,2422416459,724.0,725.0,714.0,714.0,-6.0,3493,708.8,708.95,693.3,662.7083333333334,709.2731835867919,706.9841408860568,2.289042700735081,3.0234370776186745,-0.7343943768835937,0.007336343115124218,0.007123210381550115,0.02985720467330167,0.0773970449544168
2020-12-25,2222300,1593359269,720.0,722.0,712.0,715.0,1.0,2353,712.0,708.45,695.05,663.5166666666667,710.154232265747,707.5779082330602,2.576324032686898,2.9340144686323195,-0.3576904359454214,0.004213483146067416,0.009245536029359805,0.028702971009279977,0.07759162040642036
2020-12-28,10682986,7855015517,724.0,741.0,723.0,740.0,25.0,10693,718.4,710.25,697.2666666666667,664.175,714.7458888402475,709.9795446798275,4.766344160419976,3.300480406989851,1.465863753430125,0.03006681514476618,0.04188665962689194,0.06128692991681808,0.1141641886550985
2020-12-29,4621472,3417903144,741.0,746.0,734.0,734.0,-6.0,5277,724.6,712.1,699.3166666666667,664.8666666666667,717.7080597879017,711.7588376799431,5.949222107958576,3.8302287471835967,2.1189933607749794,0.01297267457907808,0.030754107569161603,0.049596034223885144,0.10398074801965305
2020-12-30,5673669,4213092325,740.0,746.0,735.0,746.0,12.0,5955,729.8,713.8,701.5,665.95,722.0606659743784,714.2952200917558,7.765445882622544,4.6172721742713865,3.148173708351157,0.022197862428062546,0.04511067525917631,0.06343549536707056,0.12020421953600112
2020-12-31,4667590,3490385717,747.0,753.0,742.0,747.0,1.0,4395,736.4,716.15,703.1666666666666,666.9333333333333,725.8974865937047,716.7177963969393,9.179690196765364,5.529755778770182,3.6499344179951816,0.014394350896252068,0.04307756754869793,0.06233704669352933,0.12005197920831676
2021-01-04,14143143,11014629474,755.0,798.0,752.0,792.0,45.0,13938,751.8,720.5,705.2,668.4416666666667,736.067104040827,722.2942559565203,13.772848084306702,7.1783742398774875,6.594473844429214,0.05347166799680773,0.09923664122137404,0.1230856494611457,0.18484534925760154
2021-01-05,9450974,7488249698,796.0,804.0,775.0,797.0,5.0,9484,763.2,725.15,706.5833333333334,670.0083333333333,745.4413957268536,727.828014805271,17.613380921582575,9.265375576218506,8.348005345364069,0.04428721174004187,0.09908294835551269,0.1279632032079254,0.1895374435641348
2021-01-06,9331483,7429735716,802.0,814.0,785.0,792.0,-5.0,9870,774.8,728.25,708.1333333333333,671.6166666666667,752.6042579227224,732.5814952144955,20.022762708226878,11.416853002620181,8.605909705606697,0.02219927723283434,0.08753861997940268,0.11843344003012617,0.17924411246494776
2021-01-07,7755897,6199710425,794.0,808.0,785.0,799.0,7.0,7099,785.4,731.5,709.9666666666667,673.2166666666667,759.7420643961497,737.5013844812783,22.240679914871407,13.58161838507043,8.659061529800978,0.017316017316017344,0.09227614490772386,0.1254049485891356,0.18683930383977415
2021-01-08,13336420,11039865423,810.0,844.0,802.0,838.0,39.0,12816,803.6,737.95,712.45,675.1916666666667,771.781746796742,744.945726404355,26.836020392387013,16.232498786533746,10.603521605853267,0.042807366849178664,0.13557829121214168,0.1762228928345848,0.24112906211816387
2021-01-11,8031597,6796558803,843.0,856.0,835.0,851.0,13.0,7931,815.4,745.15,715.3,676.975,783.9691703664739,752.8015985546012,31.167571811872676,19.219513391601534,11.948058420271142,0.04365955359332846,0.14205193585184195,0.18971061093247596,0.25706266848849657
2021-01-12,10441036,8888052276,857.0,868.0,842.0,846.0,-5.0,10185,825.2,752.35,717.8666666666667,678.4916666666667,793.512374925478,759.7051838729319,33.807191052546045,22.137048923790438,11.670142128755607,0.025206010664081378,0.12447663986176644,0.17849182763744426,0.24688340559328903
2021-01-13,16971279,14943846563,855.0,899.0,850.0,884.0,38.0,15795,843.6,761.5,720.9833333333333,680.2166666666667,807.433548013866,768.9122073219557,38.52134069191027,25.413907277414406,13.107433414495862,0.047889995258416286,0.1608667104399212,0.2261032386324233,0.2995859162521745
2021-01-14,11667769,10113235076,872.0,881.0,854.0,861.0,-23.0,13824,856.0,769.5,723.8166666666667,681.7666666666667,815.6745406271174,775.7335253201992,39.94101530691819,28.319328883315166,11.621686423603023,0.005841121495327103,0.1189083820662768,0.18952773492366842,0.26289541876497335
2021-01-15,9997448,8596469996,878.0,882.0,842.0,850.0,-11.0,12337,858.4,776.8,726.5166666666667,682.7833333333333,820.9553805306377,781.2347456833479,39.72063484728983,30.599590076110097,9.121044771179733,-0.009785647716682173,0.09423274974253354,0.16996627744259138,0.24490443527717437
2021-01-18,9010949,7500023716,850.0,851.0,817.0,844.0,-6.0,11302,857.0,784.05,729.2833333333333,684.15,824.5007066028473,785.8840237937869,38.61668280906042,32.20300862270017,6.413674186360254,-0.015169194865810968,0.07646196033416243,0.1573005461983226,0.23364759190236065
2021-01-19,8072808,7013524168,861.0,880.0,854.0,879.0,35.0,8828,863.6,792.6,732.7,685.7916666666666,832.8852132793323,792.7815035304988,40.10370974883358,33.78314884792685,6.320560900906727,0.017832329782306595,0.10900832702498105,0.19967244438378592,0.28173036028920356
2021-01-20,11111720,9781496840,885.0,898.0,870.0,872.0,-7.0,12085,861.2,801.05,735.8166666666667,687.3666666666667,838.9028727748196,798.6495403199863,40.2533324548333,35.07718556930814,5.1761468855251564,0.01254064096609377,0.08857125023406785,0.18507780470678828,0.26860966975413414
2021-01-21,17720132,16233512122,890.0,935.0,888.0,934.0,62.0,18986,875.8,811.75,740.0333333333333,689.3083333333333,853.5332000402319,808.6755003183827,44.85769972184926,37.033288399816364,7.824411322032894,0.06645352820278608,0.15060055435786882,0.2621053105715959,0.3549814427505834
2021-01-22,16584582,15321037330,914.0,946.0,908.0,917.0,-17.0,18003,889.2,821.9,743.9166666666666,691.15,863.2973231109654,816.6995373482121,46.59778576275335,38.94618787240376,7.651597890349585,0.031264057579847,0.11570750699598495,0.23266494903102952,0.326774216884902
2021-01-25,9057069,8219463684,917.0,925.0,891.0,910.0,-7.0,9764,902.4,831.65,747.7833333333333,692.6333333333333,870.482350324663,823.6106827428862,46.87166758177682,40.531283814278375,6.3403837674984445,0.008421985815602863,0.0942103048157278,0.21693003766688218,0.3138264594061312
2021-01-26,10311306,9203515892,914.0,922.0,871.0,871.0,-39.0,16397,900.8,838.2,751.4166666666666,693.8083333333333,870.5619887362533,827.1210025458515,43.44098619040176,41.11322428950305,2.3277619008987074,-0.03308170515097686,0.039131472202338285,0.15914383941443946,0.2553899371824592
2021-01-27,11567263,10294493861,881.0,905.0,871.0,897.0,26.0,10997,905.8,846.35,755.2833333333333,695.1833333333333,874.6293750845219,832.2972245878784,42.33215049664352,41.35700953093115,0.9751409657123702,-0.009715168911459434,0.059845217699533264,0.1876337798177285,0.29030711323152175
2021-01-28,18167308,15822333470,866.0,880.0,863.0,869.0,-28.0,18351,892.8,852.5,758.4833333333333,696.55,873.7633173792109,835.0159486965584,38.74736868265245,40.835081361275414,-2.087712678622964,-0.026657706093189914,0.01935483870967742,0.14570744248390427,0.247577345488479
2021-01-29,18258898,16221768275,889.0,903.0,875.0,875.0,6.0,15415,884.4,858.9,761.4666666666667,697.9583333333334,873.9535762439477,837.9777302787052,35.97584596524257,39.863234282068845,-3.887388316826275,-0.01062867480777926,0.01874490627546865,0.14909823148310275,0.2536564981195152
